DateKey,Time15Key,StationKey,BankKey,Flights,Scheduled_Pax
20260105,22,3,11,1,139
20260105,22,4,11,2,292
20260105,22,5,11,1,240
20260105,23,2,11,1,139
20260105,23,4,11,1,158
20260105,23,5,11,1,255
20260105,24,3,11,1,133
20260105,24,4,0,1,131
20260105,24,4,11,1,159
20260105,24,5,11,1,264
20260105,25,2,0,1,159
20260105,25,3,11,1,128
20260105,25,4,0,1,148
20260105,25,4,11,1,152
20260105,25,5,0,1,234
20260105,25,5,11,1,225
20260105,26,2,1,1,155
20260105,26,2,11,2,308
20260105,26,3,1,2,268
20260105,27,2,1,1,154
20260105,27,3,1,3,410
20260105,27,5,1,2,559
20260105,27,5,11,1,252
20260105,28,2,11,2,296
20260105,28,4,11,2,304
20260105,29,2,1,1,160
20260105,29,3,11,1,122
20260105,29,4,1,1,130
20260105,29,4,11,2,295
20260105,30,2,1,2,270
20260105,30,4,1,1,138
20260105,30,5,1,1,262
20260105,31,2,1,1,142
20260105,32,2,1,2,286
20260105,32,3,1,2,267
20260105,32,5,10,1,263
20260105,33,2,1,1,144
20260105,33,2,10,1,161
20260105,33,3,1,2,274
20260105,34,2,0,2,307
20260105,34,3,0,1,128
20260105,38,2,12,4,594
20260105,38,4,12,2,289
20260105,38,5,12,1,230
20260105,39,2,12,2,262
20260105,39,5,0,1,281
20260105,40,4,12,2,266
20260105,41,2,12,1,160
20260105,41,4,12,3,439
20260105,41,5,12,1,263
20260105,42,2,2,1,132
20260105,42,2,12,3,451
20260105,42,3,2,1,137
20260105,42,3,12,1,143
20260105,42,4,2,4,621
20260105,42,4,12,1,160
20260105,42,5,12,1,251
20260105,43,2,2,1,148
20260105,43,4,2,1,157
20260105,43,4,12,2,285
20260105,43,5,2,1,279
20260105,43,5,12,1,275
20260105,44,2,2,2,297
20260105,44,3,10,1,152
20260105,44,4,2,1,148
20260105,44,4,10,1,150
20260105,44,5,2,1,231
20260105,45,3,2,1,131
20260105,46,2,2,2,297
20260105,46,4,2,1,148
20260105,47,2,2,1,132
20260105,47,3,10,1,148
20260105,47,4,2,1,139
20260105,48,2,10,2,271
20260105,48,4,10,1,141
20260105,49,5,10,1,234
20260105,50,2,13,2,302
20260105,50,3,13,2,259
20260105,50,4,13,1,159
20260105,50,5,13,1,234
20260105,51,2,13,1,144
20260105,51,3,0,1,140
20260105,51,3,13,1,138
20260105,51,4,13,1,149
20260105,52,2,13,1,149
20260105,52,3,13,1,151
20260105,52,4,13,2,287
20260105,52,5,13,2,513
20260105,53,2,13,1,150
20260105,53,3,13,2,260
20260105,53,4,13,2,282
20260105,53,5,13,1,288
20260105,54,2,3,1,161
20260105,54,3,3,2,275
20260105,54,3,13,3,394
20260105,54,4,3,1,130
20260105,54,4,13,1,133
20260105,54,5,3,1,246
20260105,54,5,13,1,248
20260105,55,2,3,3,432
20260105,55,3,3,1,138
20260105,55,3,13,2,261
20260105,55,4,13,1,142
20260105,56,2,3,1,142
20260105,56,2,10,1,157
20260105,56,3,3,1,149
20260105,57,3,3,1,133
20260105,57,4,3,1,150
20260105,58,2,3,4,588
20260105,58,3,3,2,279
20260105,58,4,3,1,143
20260105,58,5,3,1,221
20260105,59,3,3,1,128
20260105,59,5,3,1,245
20260105,60,4,10,1,161
20260105,61,5,0,1,257
20260105,62,5,0,1,242
20260105,62,5,10,1,225
20260105,64,2,14,1,141
20260105,64,3,14,3,397
20260105,65,2,14,2,276
20260105,65,4,14,1,132
20260105,65,5,14,1,232
20260105,66,2,14,1,155
20260105,66,3,14,1,139
20260105,66,5,14,2,493
20260105,67,2,14,2,298
20260105,67,4,14,1,143
20260105,68,2,14,1,159
20260105,68,3,4,2,259
20260105,68,4,14,2,275
20260105,68,5,4,1,234
20260105,69,3,14,1,146
20260105,69,4,14,1,161
20260105,70,3,14,1,125
20260105,70,4,4,1,140
20260105,70,4,14,3,431
20260105,70,5,14,1,280
20260105,71,2,4,2,306
20260105,71,3,14,1,139
20260105,71,4,4,1,158
20260105,71,4,14,1,156
20260105,71,5,4,1,235
20260105,71,5,14,1,257
20260105,72,2,4,3,403
20260105,72,3,4,1,141
20260105,72,4,4,1,134
20260105,72,5,4,2,488
20260105,73,2,4,3,430
20260105,73,3,4,1,133
20260105,73,5,4,1,224
20260105,74,2,4,1,142
20260105,74,4,4,2,282
20260105,74,4,10,1,150
20260105,74,5,4,2,500
20260105,75,3,4,1,144
20260105,75,4,4,1,154
20260105,78,3,15,1,123
20260105,79,4,15,1,136
20260105,80,4,15,1,159
20260105,80,5,0,1,254
20260105,81,3,15,3,370
20260105,81,4,15,1,157
20260105,81,5,15,1,241
20260105,82,2,5,1,156
20260105,82,2,15,1,133
20260105,82,3,5,1,126
20260105,82,3,15,2,260
20260105,82,4,5,3,447
20260105,82,4,15,1,147
20260105,82,5,5,1,233
20260105,83,2,5,1,151
20260105,83,2,15,3,445
20260105,83,3,5,1,147
20260105,83,3,15,1,122
20260105,83,4,5,1,129
20260105,83,4,15,1,135
20260105,83,5,5,2,517
20260105,83,5,15,2,511
20260105,84,4,5,1,146
20260105,84,4,10,1,154
20260105,86,4,5,3,403
20260105,87,2,5,1,159
20260105,87,3,5,2,245
20260105,88,4,10,1,159
20260105,90,5,10,1,283
20260105,91,4,0,2,318
20260105,91,4,10,1,131
20260106,22,2,11,1,146
20260106,22,3,11,1,123
20260106,23,2,11,2,251
20260106,23,4,11,5,688
20260106,24,3,11,3,337
20260106,24,5,11,2,452
20260106,25,2,11,2,242
20260106,25,3,11,1,130
20260106,26,2,1,2,268
20260106,26,3,11,2,249
20260106,26,4,1,3,419
20260106,26,4,11,1,142
20260106,26,5,11,1,229
20260106,27,2,1,2,271
20260106,27,2,11,1,149
20260106,27,3,1,1,116
20260106,27,4,1,1,134
20260106,28,2,11,2,252
20260106,28,3,1,3,411
20260106,28,3,11,1,111
20260106,28,4,1,3,402
20260106,28,4,11,1,126
20260106,28,5,1,1,221
20260106,29,2,1,1,123
20260106,29,2,11,1,121
20260106,29,3,1,1,133
20260106,29,3,11,1,139
20260106,29,4,1,2,262
20260106,29,4,11,1,127
20260106,29,5,1,1,267
20260106,30,2,1,1,149
20260106,30,3,1,4,471
20260106,30,5,1,1,225
20260106,31,3,1,2,258
20260106,31,3,10,1,112
20260106,31,4,1,1,148
20260106,32,2,1,1,129
20260106,32,5,1,1,232
20260106,33,2,1,2,244
20260106,33,4,1,1,125
20260106,33,5,1,1,257
20260106,33,5,10,1,217
20260106,35,4,0,1,130
20260106,36,4,0,1,145
20260106,38,4,12,1,140
20260106,39,3,12,1,134
20260106,39,4,12,1,132
20260106,39,5,12,1,206
20260106,40,2,12,1,131
20260106,40,3,12,1,131
20260106,40,4,12,4,544
20260106,41,2,12,1,143
20260106,41,3,12,2,258
20260106,41,4,12,4,513
20260106,41,5,12,1,251
20260106,42,2,2,1,122
20260106,42,2,12,3,384
20260106,42,3,2,1,123
20260106,42,3,12,1,119
20260106,42,4,2,1,134
20260106,42,4,12,1,125
20260106,42,5,2,4,951
20260106,42,5,12,3,673
20260106,43,2,2,1,144
20260106,43,2,12,2,251
20260106,43,3,2,3,409
20260106,43,3,12,1,126
20260106,43,4,2,5,646
20260106,43,4,12,2,258
20260106,43,5,2,3,694
20260106,44,4,2,2,254
20260106,45,2,2,2,270
20260106,45,3,2,1,115
20260106,45,4,2,1,120
20260106,45,5,2,1,240
20260106,45,5,10,1,234
20260106,46,5,2,1,240
20260106,46,5,10,1,257
20260106,47,2,2,1,130
20260106,47,4,2,1,145
20260106,47,4,10,1,147
20260106,49,2,0,1,136
20260106,49,5,0,2,449
20260106,50,4,0,1,125
20260106,50,4,13,2,284
20260106,50,5,13,3,740
20260106,51,2,13,2,289
20260106,51,3,13,3,402
20260106,51,4,13,1,133
20260106,51,5,13,1,217
20260106,52,2,0,1,131
20260106,52,3,13,1,111
20260106,52,4,13,3,426
20260106,53,2,13,1,127
20260106,53,3,13,1,113
20260106,53,4,13,3,404
20260106,53,5,0,1,214
20260106,54,2,13,4,519
20260106,54,4,3,2,266
20260106,54,4,13,2,256
20260106,55,2,3,2,283
20260106,55,2,13,1,140
20260106,55,3,13,2,256
20260106,55,5,3,1,232
20260106,56,2,3,2,273
20260106,56,2,10,1,127
20260106,56,3,3,2,275
20260106,56,4,3,2,268
20260106,56,5,10,1,247
20260106,57,2,3,1,121
20260106,57,3,3,1,130
20260106,57,4,3,3,396
20260106,57,4,10,1,143
20260106,57,5,3,1,266
20260106,58,2,3,2,273
20260106,58,4,3,3,386
20260106,59,2,3,1,119
20260106,59,4,3,1,142
20260106,60,2,10,1,141
20260106,62,4,10,2,289
20260106,62,5,10,1,235
20260106,64,2,14,1,139
20260106,64,4,14,3,383
20260106,65,2,14,1,134
20260106,65,3,14,1,127
20260106,65,4,14,2,270
20260106,65,5,14,1,215
20260106,66,2,14,2,294
20260106,66,3,14,2,249
20260106,66,4,14,2,285
20260106,67,2,14,2,271
20260106,67,4,14,2,279
20260106,67,5,14,1,211
20260106,68,2,14,1,133
20260106,68,4,4,1,120
20260106,68,5,14,1,236
20260106,69,2,4,2,266
20260106,69,2,14,2,283
20260106,69,3,4,1,134
20260106,69,3,14,1,111
20260106,69,4,4,2,262
20260106,69,5,14,1,217
20260106,70,2,14,2,276
20260106,70,4,4,2,269
20260106,70,4,14,1,146
20260106,71,2,4,4,545
20260106,71,2,14,2,274
20260106,71,4,14,1,135
20260106,71,5,4,1,221
20260106,71,5,14,1,214
20260106,72,2,4,2,295
20260106,72,2,10,1,138
20260106,72,3,4,1,111
20260106,72,4,4,1,137
20260106,73,4,4,2,287
20260106,73,5,4,1,250
20260106,74,2,4,1,123
20260106,74,2,10,1,134
20260106,74,4,4,1,147
20260106,74,5,10,1,221
20260106,75,2,4,1,120
20260106,75,3,4,1,136
20260106,75,4,4,3,408
20260106,75,5,4,2,512
20260106,76,3,0,1,118
20260106,76,5,0,1,252
20260106,78,2,15,1,132
20260106,78,3,15,3,409
20260106,78,4,15,2,267
20260106,78,5,15,2,426
20260106,79,2,0,1,139
20260106,79,3,0,1,115
20260106,79,3,15,1,122
20260106,79,4,15,1,145
20260106,80,2,15,1,133
20260106,80,3,15,1,126
20260106,80,4,15,2,266
20260106,81,4,15,2,252
20260106,81,5,15,1,247
20260106,82,2,15,1,149
20260106,82,3,5,1,119
20260106,82,3,15,2,271
20260106,82,4,5,1,143
20260106,82,4,15,2,270
20260106,82,5,5,1,218
20260106,82,5,15,1,221
20260106,83,2,15,1,138
20260106,83,3,5,2,260
20260106,83,4,15,1,119
20260106,83,5,5,1,209
20260106,84,2,5,2,264
20260106,84,3,5,3,373
20260106,84,4,10,1,139
20260106,84,5,5,1,242
20260106,85,5,5,2,502
20260106,86,4,5,2,270
20260106,86,5,5,1,263
20260106,87,2,5,2,255
20260106,87,3,10,1,140
20260106,87,4,5,1,124
20260106,87,4,10,1,141
20260106,89,2,0,1,144
20260106,89,2,10,1,130
20260107,22,2,11,3,382
20260107,22,4,11,1,144
20260107,23,5,11,1,270
20260107,24,4,11,1,142
20260107,25,3,11,1,124
20260107,25,4,11,3,398
20260107,25,5,0,1,267
20260107,26,2,11,1,128
20260107,26,3,1,1,122
20260107,26,3,11,1,119
20260107,26,4,1,2,248
20260107,26,4,11,2,258
20260107,26,5,1,1,224
20260107,27,2,1,1,153
20260107,27,2,11,1,137
20260107,27,3,1,1,117
20260107,27,3,11,1,134
20260107,27,4,11,1,147
20260107,28,2,1,3,410
20260107,28,3,11,1,120
20260107,28,4,1,2,299
20260107,28,4,11,3,411
20260107,29,2,1,1,151
20260107,29,2,11,1,144
20260107,29,3,1,1,139
20260107,29,4,1,2,265
20260107,29,5,1,1,219
20260107,29,5,11,2,501
20260107,30,3,1,2,272
20260107,30,3,10,1,114
20260107,31,2,1,2,270
20260107,31,3,1,1,136
20260107,31,4,1,2,265
20260107,32,3,1,4,541
20260107,32,5,1,1,247
20260107,33,2,1,1,124
20260107,33,5,1,1,229
20260107,36,4,10,1,135
20260107,38,2,12,2,286
20260107,38,4,12,1,144
20260107,39,2,12,1,136
20260107,39,4,12,2,295
20260107,40,2,12,1,122
20260107,40,3,12,2,255
20260107,40,4,12,2,271
20260107,40,5,12,2,502
20260107,41,2,12,1,124
20260107,41,4,12,1,121
20260107,41,5,12,1,264
20260107,42,2,2,1,138
20260107,42,2,12,2,293
20260107,42,4,2,3,420
20260107,43,2,2,4,564
20260107,43,2,12,1,135
20260107,43,3,2,1,120
20260107,43,4,12,2,289
20260107,44,2,2,1,124
20260107,44,4,2,2,264
20260107,44,5,10,2,485
20260107,45,2,2,1,140
20260107,45,3,2,1,139
20260107,45,5,2,1,257
20260107,46,3,10,1,145
20260107,47,4,2,2,281
20260107,50,4,13,1,144
20260107,50,5,13,1,216
20260107,51,2,13,2,262
20260107,51,3,13,1,135
20260107,51,5,13,2,498
20260107,52,2,13,2,253
20260107,52,3,13,1,115
20260107,52,4,0,1,131
20260107,53,2,13,1,149
20260107,53,4,13,3,389
20260107,53,5,13,2,439
20260107,54,2,3,1,144
20260107,54,3,3,3,367
20260107,54,3,13,2,254
20260107,54,4,3,2,274
20260107,54,4,13,2,291
20260107,54,5,13,1,241
20260107,55,2,3,2,262
20260107,55,2,13,1,132
20260107,55,4,3,2,303
20260107,55,4,13,2,273
20260107,55,5,3,1,221
20260107,55,5,13,1,224
20260107,56,2,3,1,130
20260107,56,3,3,3,405
20260107,56,4,3,1,124
20260107,57,2,3,1,131
20260107,57,3,3,4,519
20260107,57,4,3,3,395
20260107,57,5,3,1,249
20260107,58,2,3,2,297
20260107,58,3,3,2,258
20260107,58,4,3,1,141
20260107,58,5,3,1,248
20260107,59,2,3,1,125
20260107,59,3,3,3,360
20260107,59,4,3,1,153
20260107,59,5,3,1,252
20260107,62,4,10,1,141
20260107,64,2,14,3,396
20260107,64,4,14,1,122
20260107,65,2,0,1,152
20260107,65,3,14,3,384
20260107,66,2,14,1,129
20260107,66,3,0,1,143
20260107,66,3,14,1,123
20260107,66,4,14,1,137
20260107,67,2,14,2,272
20260107,67,3,14,1,141
20260107,67,5,14,2,472
20260107,68,2,4,1,124
20260107,68,3,14,3,357
20260107,68,4,14,2,297
20260107,68,5,4,1,241
20260107,69,2,4,1,138
20260107,69,3,4,1,136
20260107,69,3,14,2,281
20260107,69,4,4,3,407
20260107,69,4,14,1,149
20260107,70,2,4,2,265
20260107,70,2,14,1,135
20260107,70,3,14,3,385
20260107,70,4,4,1,148
20260107,70,4,14,2,282
20260107,70,5,14,2,460
20260107,71,3,14,3,345
20260107,71,4,4,1,132
20260107,72,2,4,2,262
20260107,72,3,4,1,115
20260107,72,4,4,4,578
20260107,73,4,4,1,135
20260107,73,5,4,2,456
20260107,74,4,4,2,289
20260107,75,4,4,2,275
20260107,75,5,4,2,443
20260107,75,5,10,1,247
20260107,78,2,15,3,396
20260107,78,3,0,1,135
20260107,78,3,15,1,130
20260107,78,4,15,1,121
20260107,79,4,15,1,121
20260107,79,5,15,1,255
20260107,80,2,15,1,141
20260107,80,3,15,1,124
20260107,80,5,15,2,459
20260107,81,2,15,2,268
20260107,81,3,15,1,117
20260107,81,4,15,1,130
20260107,82,2,15,2,275
20260107,82,3,15,1,138
20260107,82,4,5,2,269
20260107,82,4,15,2,288
20260107,82,5,5,2,491
20260107,83,2,5,1,136
20260107,83,2,15,2,282
20260107,83,3,5,1,141
20260107,83,4,5,2,268
20260107,83,5,5,1,232
20260107,84,4,5,1,145
20260107,84,5,5,3,723
20260107,85,3,5,1,121
20260107,85,4,5,1,136
20260107,85,5,5,2,488
20260107,86,3,5,1,124
20260107,87,2,5,1,121
20260107,87,3,5,2,234
20260107,88,2,10,1,147
20260107,88,4,0,1,131
20260107,89,4,0,1,131
20260107,90,2,0,1,127
20260107,90,4,10,1,147
20260107,91,2,0,1,134
20260107,91,3,10,1,126
20260108,22,2,11,2,280
20260108,22,3,11,1,130
20260108,22,4,11,1,150
20260108,23,2,11,2,298
20260108,23,3,11,1,144
20260108,24,2,11,2,309
20260108,24,4,11,1,160
20260108,25,2,11,3,428
20260108,25,4,11,1,135
20260108,25,5,11,1,286
20260108,26,2,1,1,142
20260108,26,3,1,2,279
20260108,26,3,11,2,258
20260108,26,4,11,1,128
20260108,26,5,1,2,482
20260108,27,2,1,2,291
20260108,27,3,1,3,373
20260108,27,4,1,1,157
20260108,27,4,11,4,608
20260108,27,5,11,1,269
20260108,28,2,1,2,282
20260108,28,3,1,1,127
20260108,28,3,11,1,130
20260108,28,4,1,2,301
20260108,28,4,11,1,130
20260108,28,5,11,1,236
20260108,29,2,1,2,289
20260108,29,2,11,1,145
20260108,29,4,1,1,146
20260108,30,2,1,1,135
20260108,30,5,1,2,538
20260108,31,2,1,2,285
20260108,31,4,1,1,135
20260108,31,5,1,2,518
20260108,32,2,1,1,133
20260108,32,4,1,3,412
20260108,32,5,1,2,472
20260108,32,5,10,1,239
20260108,33,2,1,3,435
20260108,34,2,0,1,150
20260108,34,5,10,1,236
20260108,37,4,10,1,152
20260108,38,2,12,2,282
20260108,38,4,0,2,299
20260108,38,4,12,1,132
20260108,38,5,12,2,519
20260108,39,2,12,1,135
20260108,39,3,12,1,130
20260108,39,4,12,2,287
20260108,40,2,12,1,150
20260108,40,3,12,2,246
20260108,40,4,12,2,291
20260108,41,2,12,2,299
20260108,41,3,12,2,264
20260108,41,4,12,1,129
20260108,41,5,0,1,280
20260108,42,2,2,1,147
20260108,42,2,12,1,149
20260108,42,3,2,1,134
20260108,42,4,12,2,310
20260108,43,2,2,1,153
20260108,43,2,12,2,276
20260108,43,3,2,1,122
20260108,44,2,2,2,295
20260108,44,3,2,2,257
20260108,44,5,2,2,487
20260108,45,2,2,3,416
20260108,45,3,2,1,130
20260108,45,4,2,2,299
20260108,46,4,2,1,134
20260108,46,5,2,2,516
20260108,47,2,2,2,287
20260108,47,2,10,1,138
20260108,47,3,2,1,123
20260108,47,3,10,2,283
20260108,47,4,2,3,451
20260108,47,5,2,1,257
20260108,50,3,13,1,139
20260108,50,5,13,1,231
20260108,51,2,13,1,147
20260108,52,2,13,1,158
20260108,52,3,13,1,147
20260108,52,4,13,2,287
20260108,52,5,13,1,275
20260108,53,2,13,3,441
20260108,53,3,0,2,292
20260108,53,4,13,1,158
20260108,53,5,13,1,256
20260108,54,2,3,1,161
20260108,54,2,13,1,138
20260108,54,4,3,1,150
20260108,54,4,13,2,310
20260108,54,5,13,2,523
20260108,55,2,3,2,291
20260108,55,3,13,2,255
20260108,55,4,3,1,128
20260108,56,2,3,1,133
20260108,56,2,10,2,288
20260108,56,3,3,2,264
20260108,56,4,3,1,160
20260108,57,2,3,1,149
20260108,57,5,3,1,235
20260108,57,5,10,1,275
20260108,58,2,3,1,142
20260108,58,3,3,1,150
20260108,58,4,3,4,571
20260108,58,5,3,3,783
20260108,59,3,3,1,129
20260108,59,4,3,1,148
20260108,61,3,0,2,244
20260108,62,5,10,1,273
20260108,63,5,0,1,246
20260108,64,2,14,1,131
20260108,64,3,14,1,145
20260108,65,2,14,1,148
20260108,65,3,14,1,126
20260108,65,4,14,2,296
20260108,66,2,14,1,149
20260108,66,3,14,2,295
20260108,66,4,14,1,138
20260108,66,5,14,1,275
20260108,67,2,14,1,147
20260108,67,3,14,3,389
20260108,67,4,14,1,142
20260108,68,2,4,1,140
20260108,68,3,4,1,149
20260108,68,3,14,2,263
20260108,68,5,14,3,787
20260108,69,2,14,1,150
20260108,69,4,4,1,150
20260108,69,4,14,1,153
20260108,69,5,14,1,224
20260108,70,2,14,2,274
20260108,70,3,4,1,122
20260108,70,3,14,1,150
20260108,70,4,4,1,134
20260108,70,4,14,1,160
20260108,70,5,14,1,282
20260108,71,2,4,1,136
20260108,71,2,14,1,146
20260108,71,3,14,1,128
20260108,71,4,14,1,141
20260108,71,5,4,1,239
20260108,72,2,10,1,153
20260108,72,3,4,2,279
20260108,72,4,4,1,139
20260108,72,5,4,1,264
20260108,73,3,4,1,133
20260108,73,4,4,1,153
20260108,74,3,4,2,285
20260108,74,5,4,1,263
20260108,75,2,10,1,135
20260108,75,4,4,1,129
20260108,75,5,10,1,223
20260108,76,4,10,1,153
20260108,77,5,10,1,222
20260108,78,2,15,2,271
20260108,78,3,15,1,126
20260108,78,4,15,1,155
20260108,79,2,15,2,301
20260108,79,5,0,1,237
20260108,80,3,15,1,126
20260108,80,4,15,2,275
20260108,80,5,15,1,221
20260108,81,2,15,1,141
20260108,81,3,15,3,386
20260108,81,4,15,3,430
20260108,82,2,5,2,316
20260108,82,2,15,2,315
20260108,82,3,5,1,139
20260108,82,3,15,1,142
20260108,82,4,5,1,150
20260108,82,4,15,1,128
20260108,82,5,15,2,489
20260108,83,2,5,1,152
20260108,83,2,15,3,425
20260108,83,4,15,2,316
20260108,84,2,5,1,153
20260108,84,4,10,1,155
20260108,84,5,5,1,269
20260108,85,2,5,1,159
20260108,85,3,5,1,124
20260108,86,2,5,1,146
20260108,86,3,5,1,124
20260108,86,4,5,2,279
20260108,87,2,5,3,439
20260108,87,3,5,2,254
20260108,87,5,5,2,485
20260108,88,4,0,1,151
20260109,22,2,11,1,158
20260109,22,5,11,2,543
20260109,24,2,11,1,156
20260109,24,4,11,2,294
20260109,24,5,11,1,241
20260109,25,2,11,2,308
20260109,25,3,0,1,162
20260109,25,5,0,1,297
20260109,25,5,11,1,244
20260109,26,2,1,2,314
20260109,26,3,1,1,154
20260109,26,3,11,1,136
20260109,26,4,1,1,166
20260109,26,5,1,1,301
20260109,27,2,11,1,153
20260109,27,3,1,1,129
20260109,27,4,11,1,151
20260109,28,3,1,1,147
20260109,28,4,11,3,489
20260109,28,5,1,2,569
20260109,29,2,11,2,306
20260109,29,3,1,2,323
20260109,29,3,11,1,137
20260109,29,4,11,2,301
20260109,29,5,11,1,284
20260109,30,2,1,2,311
20260109,30,4,1,1,166
20260109,31,5,1,1,305
20260109,32,3,1,3,404
20260109,33,5,1,2,533
20260109,34,2,0,1,173
20260109,36,2,0,1,141
20260109,38,2,12,2,300
20260109,38,4,12,2,345
20260109,39,2,12,1,162
20260109,39,3,12,1,149
20260109,40,2,12,1,173
20260109,40,5,12,2,522
20260109,41,2,12,1,170
20260109,41,3,12,1,158
20260109,41,5,12,1,278
20260109,42,2,2,1,138
20260109,42,2,12,1,171
20260109,42,3,12,1,141
20260109,42,4,2,1,145
20260109,42,4,12,1,138
20260109,43,2,12,1,163
20260109,43,3,2,1,152
20260109,43,3,12,1,129
20260109,43,4,2,1,159
20260109,43,5,2,1,309
20260109,43,5,12,2,506
20260109,44,2,2,1,158
20260109,44,3,2,1,138
20260109,44,4,2,1,163
20260109,44,5,2,1,290
20260109,44,5,10,1,282
20260109,45,2,2,2,320
20260109,45,3,2,1,137
20260109,45,4,2,1,138
20260109,45,5,2,1,272
20260109,46,4,2,1,173
20260109,47,2,2,1,138
20260109,47,3,2,3,468
20260109,47,4,2,2,314
20260109,50,2,13,1,142
20260109,50,4,13,5,768
20260109,50,5,13,1,267
20260109,51,2,13,1,162
20260109,51,3,13,1,158
20260109,51,4,13,1,138
20260109,51,5,13,1,293
20260109,52,2,13,1,142
20260109,52,3,13,1,146
20260109,52,4,13,2,309
20260109,53,3,13,1,133
20260109,53,4,13,2,340
20260109,53,5,13,1,276
20260109,54,2,3,2,325
20260109,54,2,13,2,291
20260109,54,3,13,1,161
20260109,54,4,3,1,140
20260109,54,4,13,1,166
20260109,55,2,3,1,162
20260109,55,2,13,1,174
20260109,55,3,13,1,157
20260109,55,4,13,4,652
20260109,55,5,13,1,272
20260109,56,2,3,4,632
20260109,56,3,3,2,288
20260109,56,4,3,4,630
20260109,56,5,3,1,262
20260109,57,2,3,1,157
20260109,57,4,3,4,605
20260109,57,5,3,1,283
20260109,58,2,3,1,160
20260109,58,4,3,3,459
20260109,58,5,3,1,271
20260109,59,2,3,1,139
20260109,64,2,14,1,138
20260109,64,4,14,2,302
20260109,64,5,14,1,305
20260109,65,2,14,3,454
20260109,65,4,14,3,442
20260109,65,5,14,1,282
20260109,66,2,14,1,157
20260109,66,3,14,1,130
20260109,66,4,0,1,166
20260109,67,2,0,1,155
20260109,67,2,14,2,299
20260109,68,2,4,1,148
20260109,68,2,14,1,154
20260109,68,3,4,1,162
20260109,68,3,14,1,136
20260109,68,5,4,2,537
20260109,69,2,14,4,581
20260109,69,4,4,1,161
20260109,69,4,14,1,139
20260109,70,2,14,2,290
20260109,71,2,14,1,162
20260109,71,3,14,1,154
20260109,71,4,4,3,472
20260109,71,5,4,1,301
20260109,72,3,4,2,311
20260109,72,4,4,1,165
20260109,72,5,4,2,522
20260109,73,4,4,1,140
20260109,74,3,4,1,160
20260109,74,4,4,3,481
20260109,75,3,4,1,151
20260109,75,4,4,2,316
20260109,75,5,4,1,240
20260109,77,5,10,1,289
20260109,78,3,15,1,150
20260109,78,4,15,2,302
20260109,79,2,15,2,300
20260109,79,3,15,2,261
20260109,79,4,15,2,333
20260109,79,5,15,1,250
20260109,80,2,15,2,330
20260109,80,3,15,1,151
20260109,80,4,15,3,489
20260109,80,5,15,1,290
20260109,81,2,15,2,297
20260109,81,4,15,1,143
20260109,81,5,15,1,282
20260109,82,2,5,1,155
20260109,82,3,15,2,299
20260109,82,4,5,2,327
20260109,82,5,5,1,249
20260109,82,5,15,1,272
20260109,83,2,5,1,164
20260109,83,2,15,4,626
20260109,83,3,5,1,158
20260109,83,3,15,3,416
20260109,83,4,15,2,310
20260109,83,5,5,1,258
20260109,84,3,10,1,156
20260109,84,4,5,1,139
20260109,85,2,5,2,293
20260109,85,2,10,1,171
20260109,85,3,5,1,138
20260109,85,4,5,1,174
20260109,86,2,5,1,144
20260109,86,3,5,1,161
20260109,86,5,5,3,846
20260109,86,5,10,2,535
20260109,87,4,5,2,318
20260109,91,3,0,1,143
20260110,22,4,11,1,108
20260110,23,2,11,1,121
20260110,23,3,11,1,118
20260110,23,4,11,1,125
20260110,24,2,11,1,120
20260110,24,5,11,1,229
20260110,25,5,11,1,229
20260110,26,2,1,1,109
20260110,26,2,11,1,133
20260110,26,3,1,1,128
20260110,26,4,1,1,125
20260110,26,4,11,1,118
20260110,26,5,1,2,402
20260110,26,5,11,1,193
20260110,27,2,1,1,128
20260110,27,3,1,1,105
20260110,27,4,1,3,377
20260110,27,5,1,1,207
20260110,27,5,11,1,215
20260110,28,2,1,1,116
20260110,28,2,11,1,123
20260110,28,3,1,3,345
20260110,28,3,11,1,119
20260110,28,4,1,1,111
20260110,28,4,11,2,239
20260110,29,2,1,3,363
20260110,29,3,11,1,118
20260110,29,5,11,1,189
20260110,30,5,1,1,211
20260110,31,2,1,3,377
20260110,31,3,1,1,110
20260110,31,4,1,2,248
20260110,33,4,1,2,232
20260110,34,4,10,1,115
20260110,35,2,0,1,118
20260110,37,2,10,1,137
20260110,38,4,12,3,372
20260110,38,5,12,1,242
20260110,39,2,12,1,134
20260110,39,3,12,1,116
20260110,39,4,12,2,240
20260110,39,5,0,1,228
20260110,39,5,12,1,233
20260110,40,2,12,4,513
20260110,41,2,12,1,133
20260110,41,3,12,1,101
20260110,41,4,12,3,373
20260110,41,5,0,1,216
20260110,42,2,2,2,244
20260110,42,2,12,1,134
20260110,42,3,2,1,112
20260110,42,4,2,2,244
20260110,42,4,12,2,263
20260110,42,5,12,1,191
20260110,43,2,2,2,272
20260110,43,3,12,2,239
20260110,43,4,2,1,131
20260110,43,4,12,1,121
20260110,43,5,2,2,406
20260110,43,5,12,2,425
20260110,44,3,2,1,121
20260110,44,4,2,3,363
20260110,44,5,2,3,667
20260110,44,5,10,1,241
20260110,45,2,2,2,259
20260110,45,3,2,2,222
20260110,45,4,2,1,127
20260110,45,5,2,2,431
20260110,46,2,2,1,134
20260110,46,3,10,1,111
20260110,46,5,2,2,439
20260110,47,2,2,2,228
20260110,47,3,2,1,120
20260110,47,4,2,3,363
20260110,48,4,10,1,118
20260110,49,4,0,1,125
20260110,50,2,0,2,245
20260110,50,2,13,2,247
20260110,50,3,13,1,120
20260110,50,4,13,1,121
20260110,50,5,13,2,437
20260110,51,2,13,1,118
20260110,51,3,13,1,129
20260110,51,4,13,1,117
20260110,52,2,13,2,256
20260110,52,4,13,2,251
20260110,53,2,13,1,113
20260110,53,4,13,1,128
20260110,54,2,3,1,129
20260110,54,3,3,1,105
20260110,54,3,13,3,346
20260110,54,4,3,1,126
20260110,54,4,13,3,335
20260110,54,5,13,2,437
20260110,55,2,3,2,231
20260110,55,2,13,1,118
20260110,55,4,13,2,243
20260110,55,5,3,1,210
20260110,56,3,3,2,241
20260110,56,4,3,1,116
20260110,57,2,3,2,232
20260110,57,4,3,2,254
20260110,57,5,3,1,236
20260110,58,2,3,2,263
20260110,58,4,3,1,112
20260110,59,2,3,1,118
20260110,59,3,3,5,558
20260110,59,4,3,3,353
20260110,60,4,10,1,122
20260110,63,4,10,1,111
20260110,64,2,14,1,127
20260110,64,4,14,2,258
20260110,65,3,0,1,126
20260110,65,3,14,1,121
20260110,65,4,14,1,118
20260110,65,5,0,1,243
20260110,66,3,14,1,129
20260110,66,4,14,2,245
20260110,66,5,14,2,454
20260110,67,2,14,2,256
20260110,67,3,14,2,234
20260110,68,2,4,1,110
20260110,68,2,14,2,233
20260110,68,3,4,3,328
20260110,68,3,14,2,233
20260110,68,4,4,1,135
20260110,68,5,4,1,206
20260110,68,5,14,1,189
20260110,69,3,4,1,121
20260110,69,3,14,1,125
20260110,69,4,4,1,127
20260110,69,5,4,4,893
20260110,70,2,4,1,113
20260110,70,2,14,3,357
20260110,70,3,4,2,224
20260110,70,4,4,1,128
20260110,70,5,4,1,233
20260110,71,2,14,1,118
20260110,71,3,4,1,113
20260110,71,3,14,1,125
20260110,71,4,4,3,389
20260110,71,4,14,1,108
20260110,71,5,4,1,198
20260110,72,2,4,2,264
20260110,72,3,4,1,128
20260110,72,4,4,2,255
20260110,72,5,4,1,237
20260110,73,2,4,2,252
20260110,73,3,4,1,121
20260110,73,5,4,1,192
20260110,74,5,4,1,210
20260110,75,4,4,1,124
20260110,78,2,15,1,116
20260110,79,2,15,2,229
20260110,79,3,15,1,116
20260110,79,4,15,4,465
20260110,79,5,0,1,202
20260110,79,5,15,1,191
20260110,80,2,15,3,367
20260110,80,3,0,1,111
20260110,80,3,15,1,111
20260110,80,4,15,3,360
20260110,80,5,15,2,416
20260110,81,2,15,2,254
20260110,81,3,15,1,128
20260110,81,4,15,1,132
20260110,81,5,15,1,228
20260110,82,2,5,2,251
20260110,82,2,15,1,115
20260110,82,3,15,2,225
20260110,82,4,5,1,131
20260110,82,4,15,2,226
20260110,82,5,5,3,641
20260110,82,5,15,1,223
20260110,83,2,15,1,134
20260110,83,3,5,2,253
20260110,83,3,15,1,106
20260110,83,4,5,1,119
20260110,83,4,15,4,506
20260110,84,2,5,2,230
20260110,84,3,5,1,102
20260110,84,4,5,3,371
20260110,84,5,5,1,203
20260110,85,2,5,1,121
20260110,85,3,5,2,234
20260110,85,5,5,1,225
20260110,86,2,5,3,377
20260110,86,4,5,2,241
20260110,86,5,10,1,239
20260110,87,2,5,1,110
20260110,87,5,5,1,216
20260110,88,2,10,1,112
20260110,89,4,0,1,111
20260110,89,5,0,1,196
20260111,22,2,11,1,158
20260111,23,2,11,1,162
20260111,23,4,11,2,315
20260111,23,5,11,1,278
20260111,24,4,0,1,147
20260111,24,4,11,1,162
20260111,24,5,11,1,301
20260111,25,2,11,1,154
20260111,25,4,11,1,167
20260111,26,2,1,1,162
20260111,26,4,1,3,472
20260111,26,5,1,1,232
20260111,27,2,11,3,482
20260111,27,3,1,1,145
20260111,27,3,11,3,410
20260111,27,4,1,2,285
20260111,27,4,11,1,145
20260111,27,5,11,3,872
20260111,28,2,1,1,164
20260111,28,2,11,4,618
20260111,28,4,1,1,154
20260111,28,5,1,3,796
20260111,28,5,11,1,271
20260111,29,2,1,1,141
20260111,29,2,11,2,281
20260111,29,3,1,3,435
20260111,29,3,11,1,136
20260111,29,4,11,1,139
20260111,29,5,11,1,250
20260111,30,4,1,1,139
20260111,30,5,1,1,236
20260111,31,3,1,2,297
20260111,32,3,1,1,132
20260111,32,5,1,2,572
20260111,33,2,1,1,156
20260111,33,4,10,1,141
20260111,34,2,0,1,162
20260111,34,3,0,1,151
20260111,36,5,0,1,249
20260111,38,3,12,2,261
20260111,39,3,12,1,125
20260111,39,4,12,5,767
20260111,40,2,12,1,148
20260111,41,3,12,3,432
20260111,41,5,12,1,268
20260111,42,3,12,2,274
20260111,42,4,2,1,153
20260111,42,4,12,1,138
20260111,42,5,2,1,268
20260111,42,5,12,1,294
20260111,43,2,2,1,145
20260111,43,2,12,3,447
20260111,43,3,2,2,285
20260111,43,4,2,1,145
20260111,43,4,12,1,137
20260111,43,5,2,1,241
20260111,44,2,2,2,295
20260111,44,4,2,2,300
20260111,44,5,2,2,513
20260111,45,2,2,1,139
20260111,45,3,2,1,125
20260111,45,4,2,1,134
20260111,46,2,2,1,138
20260111,46,3,2,2,281
20260111,46,4,2,1,134
20260111,47,2,2,3,424
20260111,47,3,2,1,154
20260111,47,4,2,1,142
20260111,50,2,13,2,273
20260111,50,3,0,1,143
20260111,50,3,13,2,297
20260111,50,4,13,3,450
20260111,51,4,13,1,158
20260111,51,5,13,2,536
20260111,52,2,13,1,162
20260111,52,3,13,1,136
20260111,52,4,0,1,154
20260111,52,4,13,3,432
20260111,53,2,0,1,165
20260111,53,4,13,3,444
20260111,54,2,3,2,299
20260111,54,2,13,1,158
20260111,54,3,3,1,157
20260111,54,3,13,2,276
20260111,54,4,13,2,281
20260111,54,5,3,1,247
20260111,54,5,13,1,293
20260111,55,2,13,1,137
20260111,55,3,3,2,314
20260111,55,3,13,2,277
20260111,55,4,13,1,144
20260111,56,2,3,4,548
20260111,56,4,3,1,143
20260111,56,5,3,1,256
20260111,56,5,10,1,245
20260111,57,3,3,2,268
20260111,57,5,3,1,293
20260111,58,2,3,2,298
20260111,59,3,3,1,144
20260111,59,5,3,1,236
20260111,61,3,10,1,129
20260111,62,2,0,1,162
20260111,64,2,14,1,151
20260111,64,3,0,1,150
20260111,64,3,14,1,151
20260111,64,4,14,1,150
20260111,65,2,0,1,154
20260111,65,4,14,1,160
20260111,66,2,0,1,142
20260111,66,2,14,2,303
20260111,66,3,14,1,135
20260111,67,2,14,1,145
20260111,67,4,14,1,165
20260111,67,5,14,1,237
20260111,68,2,14,1,168
20260111,68,4,4,1,135
20260111,68,4,14,1,163
20260111,68,5,4,1,301
20260111,68,5,14,1,245
20260111,69,3,4,1,125
20260111,69,3,14,1,154
20260111,69,4,4,3,453
20260111,69,5,4,1,292
20260111,70,2,14,1,162
20260111,70,3,14,2,276
20260111,70,4,14,1,147
20260111,70,5,4,1,250
20260111,70,5,14,1,295
20260111,71,2,14,1,143
20260111,71,4,4,1,165
20260111,71,4,14,2,315
20260111,71,5,4,1,271
20260111,72,2,4,1,156
20260111,72,4,4,1,134
20260111,73,4,4,2,292
20260111,74,2,4,1,160
20260111,74,3,10,1,137
20260111,74,4,4,2,320
20260111,74,5,4,1,235
20260111,75,3,4,1,127
20260111,75,4,4,1,142
20260111,75,5,4,2,545
20260111,76,4,10,1,152
20260111,77,4,0,1,144
20260111,77,5,10,1,269
20260111,78,2,15,2,317
20260111,78,3,15,3,442
20260111,78,4,15,2,299
20260111,79,2,15,1,149
20260111,79,3,15,1,127
20260111,79,4,15,1,164
20260111,79,5,15,1,295
20260111,80,2,15,1,138
20260111,80,3,15,2,285
20260111,80,4,15,1,142
20260111,81,2,0,2,290
20260111,81,2,15,2,278
20260111,81,3,15,1,146
20260111,81,4,15,1,145
20260111,81,5,15,1,302
20260111,82,2,15,2,323
20260111,82,3,5,2,271
20260111,82,3,15,1,146
20260111,82,4,5,3,431
20260111,82,4,15,4,597
20260111,82,5,5,1,295
20260111,83,2,5,1,167
20260111,83,3,15,1,156
20260111,83,4,15,1,169
20260111,83,5,5,1,282
20260111,83,5,15,2,578
20260111,84,2,5,2,280
20260111,84,3,5,2,277
20260111,84,4,5,1,154
20260111,84,5,5,4,1075
20260111,84,5,10,1,258
20260111,85,2,5,2,298
20260111,85,3,5,1,129
20260111,85,4,5,1,152
20260111,86,4,5,2,310
20260111,86,5,5,1,288
20260111,87,2,5,1,139
20260111,87,3,5,1,147
20260111,88,3,0,1,154
20260111,89,2,0,1,135
20260111,89,3,0,1,146
20260111,89,4,10,1,148
20260111,90,3,0,1,156
20260111,90,4,10,1,134
20260112,22,3,11,1,124
20260112,23,2,11,2,300
20260112,23,4,11,1,140
20260112,23,5,11,1,245
20260112,24,5,11,1,247
20260112,25,3,11,1,151
20260112,25,4,11,2,270
20260112,25,5,11,2,500
20260112,26,2,1,1,160
20260112,26,2,11,3,410
20260112,26,3,1,1,148
20260112,26,3,11,1,136
20260112,26,4,11,2,296
20260112,26,5,1,2,559
20260112,27,2,11,1,134
20260112,27,3,1,1,122
20260112,27,3,11,1,135
20260112,27,4,1,1,145
20260112,27,4,11,2,289
20260112,27,5,1,1,269
20260112,27,5,11,4,1023
20260112,28,2,11,1,133
20260112,28,4,11,1,144
20260112,28,5,11,1,266
20260112,29,2,11,2,287
20260112,29,3,11,1,124
20260112,29,4,1,1,135
20260112,29,4,11,2,292
20260112,29,5,11,1,252
20260112,30,2,1,1,133
20260112,30,4,1,1,152
20260112,30,5,1,1,224
20260112,31,2,1,2,297
20260112,31,3,1,1,128
20260112,32,5,1,1,230
20260112,33,2,1,3,458
20260112,33,3,1,1,142
20260112,33,3,10,1,119
20260112,33,5,1,1,237
20260112,34,2,10,1,146
20260112,36,3,10,1,120
20260112,37,2,0,2,281
20260112,37,5,0,1,275
20260112,38,5,12,1,275
20260112,39,2,12,3,413
20260112,39,3,0,1,139
20260112,39,3,12,2,257
20260112,39,4,12,2,308
20260112,39,5,12,3,739
20260112,40,4,12,3,409
20260112,40,5,12,2,495
20260112,41,2,12,2,270
20260112,41,4,12,2,288
20260112,41,5,12,3,720
20260112,42,2,2,1,145
20260112,42,2,12,1,160
20260112,42,3,2,2,278
20260112,42,3,12,2,281
20260112,42,4,2,3,448
20260112,42,4,12,2,269
20260112,42,5,2,1,248
20260112,42,5,12,1,288
20260112,43,2,12,1,139
20260112,43,4,12,2,295
20260112,43,5,2,1,283
20260112,44,2,2,2,270
20260112,44,4,2,2,294
20260112,45,2,2,1,155
20260112,45,3,2,1,144
20260112,45,5,2,1,281
20260112,46,2,2,3,428
20260112,46,3,2,2,292
20260112,47,3,2,4,520
20260112,47,4,2,1,151
20260112,49,2,0,1,161
20260112,50,4,13,2,279
20260112,51,2,13,1,155
20260112,51,4,13,1,147
20260112,52,2,13,1,160
20260112,52,3,0,1,133
20260112,52,4,13,2,266
20260112,53,3,0,1,124
20260112,53,5,13,1,230
20260112,54,2,3,2,297
20260112,54,2,13,3,426
20260112,54,3,3,2,284
20260112,54,3,13,2,298
20260112,54,4,13,1,157
20260112,55,3,3,1,122
20260112,55,4,3,2,312
20260112,55,4,13,1,154
20260112,55,5,3,1,275
20260112,55,5,13,3,760
20260112,56,2,3,2,279
20260112,56,3,3,1,141
20260112,56,4,3,1,150
20260112,57,2,3,1,156
20260112,57,4,3,2,258
20260112,57,5,3,3,739
20260112,58,2,3,3,439
20260112,58,3,3,4,511
20260112,58,4,3,2,297
20260112,58,5,3,1,238
20260112,59,2,3,3,414
20260112,59,3,3,2,260
20260112,59,4,3,1,139
20260112,59,5,3,1,255
20260112,59,5,10,1,286
20260112,61,4,0,1,144
20260112,62,3,10,1,149
20260112,64,2,14,2,312
20260112,64,4,14,1,130
20260112,65,3,14,1,151
20260112,65,4,14,1,130
20260112,65,5,14,2,500
20260112,66,2,14,2,280
20260112,67,2,14,1,150
20260112,67,3,14,1,138
20260112,68,2,4,1,149
20260112,68,3,14,1,124
20260112,68,4,14,1,161
20260112,69,2,14,1,139
20260112,69,3,14,1,142
20260112,69,4,4,1,150
20260112,70,2,4,1,156
20260112,70,2,14,1,154
20260112,70,3,4,2,292
20260112,70,3,14,2,285
20260112,70,4,4,2,298
20260112,70,4,14,2,294
20260112,70,5,14,1,269
20260112,71,2,4,2,275
20260112,71,2,14,1,150
20260112,71,3,4,1,121
20260112,71,4,4,1,154
20260112,72,2,4,1,161
20260112,72,3,4,1,146
20260112,72,4,4,1,153
20260112,72,4,10,1,151
20260112,73,2,4,1,139
20260112,73,3,4,1,147
20260112,73,4,4,1,139
20260112,73,4,10,1,148
20260112,74,2,4,3,446
20260112,74,3,4,2,293
20260112,75,3,4,2,277
20260112,76,2,0,1,158
20260112,76,4,10,1,133
20260112,78,2,15,1,131
20260112,78,3,15,1,149
20260112,79,2,15,2,298
20260112,79,3,15,1,151
20260112,79,4,0,1,153
20260112,79,4,15,3,471
20260112,79,5,15,2,504
20260112,80,2,15,2,287
20260112,80,3,15,3,409
20260112,81,2,15,2,291
20260112,81,5,0,1,277
20260112,82,2,15,2,272
20260112,82,4,5,2,272
20260112,82,4,15,2,293
20260112,82,5,15,1,224
20260112,83,2,5,2,300
20260112,83,2,15,1,140
20260112,83,3,5,3,404
20260112,83,4,5,1,160
20260112,83,4,15,1,137
20260112,83,5,5,1,246
20260112,84,2,5,2,289
20260112,84,4,5,2,307
20260112,84,5,5,2,537
20260112,84,5,10,1,251
20260112,85,2,5,1,128
20260112,85,3,5,1,135
20260112,85,4,5,2,274
20260112,86,2,5,2,297
20260112,86,3,5,1,143
20260112,86,4,5,2,269
20260112,86,4,10,1,156
20260112,86,5,5,2,534
20260112,87,2,5,1,150
20260112,87,4,5,1,142
20260112,87,5,5,1,268
20260112,88,2,0,1,139
20260112,88,4,0,1,144
20260112,89,5,0,1,235
20260112,90,2,10,1,132
20260112,90,4,10,1,141
20260112,91,5,0,1,232
20260113,22,2,11,1,130
20260113,22,4,11,1,147
20260113,23,3,11,2,232
20260113,23,4,11,2,260
20260113,23,5,11,3,653
20260113,24,3,11,1,130
20260113,25,2,0,1,138
20260113,25,2,11,1,139
20260113,25,3,11,1,118
20260113,25,4,11,1,133
20260113,26,2,1,1,138
20260113,26,2,11,2,277
20260113,26,3,1,1,139
20260113,26,3,11,1,136
20260113,26,4,1,2,258
20260113,26,4,11,1,123
20260113,26,5,1,3,729
20260113,27,2,1,1,148
20260113,27,2,11,1,127
20260113,27,3,1,2,258
20260113,27,3,11,3,375
20260113,27,4,1,2,248
20260113,27,5,11,1,237
20260113,28,2,1,2,275
20260113,28,3,1,1,141
20260113,28,3,11,1,132
20260113,28,4,11,1,142
20260113,29,2,1,2,256
20260113,29,2,11,1,120
20260113,29,4,11,1,125
20260113,30,2,1,1,127
20260113,31,3,1,2,264
20260113,31,4,1,1,142
20260113,32,4,1,1,130
20260113,33,2,1,2,286
20260113,33,4,1,2,272
20260113,35,2,0,1,142
20260113,38,4,12,2,246
20260113,39,2,12,1,138
20260113,39,3,12,1,129
20260113,39,4,12,5,643
20260113,39,5,12,1,219
20260113,40,2,12,2,250
20260113,40,3,12,1,116
20260113,40,4,0,1,142
20260113,40,4,12,1,130
20260113,40,5,12,1,218
20260113,41,2,12,2,276
20260113,41,3,12,1,138
20260113,41,4,0,1,134
20260113,41,4,12,1,120
20260113,41,5,12,2,464
20260113,42,2,2,1,120
20260113,42,3,2,1,141
20260113,42,3,12,1,135
20260113,42,4,2,3,391
20260113,42,4,12,1,147
20260113,42,5,2,1,220
20260113,43,2,2,2,258
20260113,43,2,12,1,145
20260113,43,3,2,1,140
20260113,43,4,2,2,279
20260113,43,4,12,1,134
20260113,43,5,2,1,246
20260113,44,2,2,4,537
20260113,44,3,2,1,126
20260113,44,3,10,1,126
20260113,44,4,2,2,277
20260113,44,5,2,1,255
20260113,45,2,2,1,149
20260113,45,3,2,2,249
20260113,45,5,2,1,243
20260113,46,3,2,2,257
20260113,46,4,2,2,274
20260113,46,5,2,3,680
20260113,47,2,2,1,128
20260113,47,3,2,1,125
20260113,47,4,2,1,125
20260113,48,4,10,1,131
20260113,49,3,10,1,115
20260113,50,2,13,3,395
20260113,50,3,13,1,126
20260113,50,4,0,1,124
20260113,50,4,13,1,148
20260113,50,5,13,2,486
20260113,51,2,13,4,514
20260113,51,3,13,1,138
20260113,51,4,13,1,127
20260113,52,4,13,1,128
20260113,52,5,13,3,769
20260113,53,2,13,1,139
20260113,53,4,13,1,128
20260113,53,5,0,1,235
20260113,54,2,3,1,134
20260113,54,4,3,1,135
20260113,55,2,3,2,250
20260113,55,2,13,2,280
20260113,55,3,3,1,111
20260113,55,3,13,1,126
20260113,55,4,3,2,262
20260113,55,4,13,2,286
20260113,55,5,3,1,255
20260113,55,5,13,1,216
20260113,56,2,3,2,263
20260113,56,4,3,2,247
20260113,57,2,3,1,142
20260113,57,3,3,2,264
20260113,57,4,3,3,395
20260113,58,2,3,1,123
20260113,58,4,3,3,388
20260113,59,3,3,1,124
20260113,59,4,3,1,144
20260113,59,4,10,1,134
20260113,60,5,10,1,247
20260113,61,4,10,2,250
20260113,62,3,10,1,118
20260113,63,4,10,1,143
20260113,63,5,10,1,208
20260113,64,2,14,2,269
20260113,64,5,14,1,216
20260113,65,4,14,2,262
20260113,65,5,14,1,267
20260113,66,2,0,1,130
20260113,66,2,14,1,139
20260113,66,3,14,2,265
20260113,66,4,14,2,268
20260113,66,5,14,2,464
20260113,67,2,14,2,298
20260113,67,3,0,1,112
20260113,67,4,14,1,126
20260113,67,5,14,1,209
20260113,68,2,14,1,149
20260113,68,4,14,1,129
20260113,68,5,4,2,425
20260113,69,4,4,1,136
20260113,69,4,14,1,149
20260113,69,5,14,1,268
20260113,70,2,4,1,140
20260113,70,2,14,3,393
20260113,70,3,4,2,258
20260113,70,3,14,2,258
20260113,70,4,4,2,247
20260113,70,5,14,1,223
20260113,71,3,14,2,255
20260113,71,4,14,1,139
20260113,72,2,4,1,135
20260113,72,4,4,2,286
20260113,73,2,4,1,131
20260113,73,3,4,1,131
20260113,73,5,4,2,436
20260113,74,2,4,1,119
20260113,74,4,4,1,148
20260113,75,2,4,2,282
20260113,75,3,4,1,123
20260113,75,4,4,2,239
20260113,79,2,15,1,126
20260113,79,3,15,1,119
20260113,79,4,15,1,126
20260113,79,5,15,1,214
20260113,80,3,15,3,379
20260113,80,4,15,3,441
20260113,80,5,15,1,266
20260113,81,2,15,3,401
20260113,81,4,0,1,145
20260113,81,4,15,1,129
20260113,82,2,5,3,417
20260113,82,2,15,2,252
20260113,82,4,5,1,126
20260113,82,5,15,2,440
20260113,83,2,5,1,148
20260113,83,2,15,3,404
20260113,83,3,5,1,119
20260113,83,3,15,2,250
20260113,83,4,5,1,142
20260113,83,5,5,1,232
20260113,84,2,5,2,290
20260113,84,3,5,2,238
20260113,84,4,5,1,123
20260113,85,2,5,2,272
20260113,85,3,5,2,243
20260113,85,4,5,3,400
20260113,86,2,5,1,122
20260113,86,4,5,1,135
20260113,86,5,5,2,458
20260113,87,2,5,2,272
20260113,87,3,5,1,120
20260113,87,4,5,1,130
20260113,87,5,5,1,230
20260113,90,2,0,1,146
20260114,22,3,11,2,251
20260114,22,4,11,2,277
20260114,22,5,11,1,231
20260114,23,3,11,1,142
20260114,23,4,11,3,403
20260114,24,2,11,2,266
20260114,24,4,11,2,282
20260114,24,5,11,1,223
20260114,25,2,11,1,126
20260114,25,3,11,1,143
20260114,25,4,0,1,128
20260114,25,4,11,3,387
20260114,25,5,0,1,253
20260114,26,2,1,1,145
20260114,26,2,11,1,129
20260114,26,3,11,1,137
20260114,26,4,1,1,125
20260114,26,4,11,2,290
20260114,27,2,1,2,267
20260114,27,3,1,1,128
20260114,27,3,11,1,136
20260114,27,4,1,1,122
20260114,27,4,11,1,148
20260114,27,5,1,1,242
20260114,28,3,11,1,140
20260114,28,4,11,1,124
20260114,28,5,11,1,233
20260114,29,2,1,2,282
20260114,29,2,11,3,379
20260114,29,3,1,1,130
20260114,29,3,11,1,118
20260114,29,4,1,1,122
20260114,29,4,11,1,145
20260114,29,5,1,1,246
20260114,30,4,1,1,143
20260114,31,2,1,2,270
20260114,31,3,1,1,118
20260114,31,4,1,3,430
20260114,32,3,1,1,141
20260114,32,4,1,1,124
20260114,32,5,1,1,215
20260114,32,5,10,1,216
20260114,33,2,1,1,128
20260114,33,3,1,1,129
20260114,33,4,1,1,129
20260114,34,3,10,1,135
20260114,34,5,10,2,505
20260114,35,5,0,2,476
20260114,36,2,0,1,145
20260114,36,5,10,1,239
20260114,37,2,10,1,146
20260114,37,5,10,1,229
20260114,38,2,0,1,145
20260114,38,2,12,1,136
20260114,38,3,12,2,257
20260114,38,4,12,2,270
20260114,39,2,12,1,127
20260114,39,3,0,1,126
20260114,39,3,12,3,388
20260114,39,5,12,2,496
20260114,40,4,12,3,434
20260114,40,5,12,2,491
20260114,41,2,12,1,123
20260114,41,3,12,2,251
20260114,41,4,12,3,422
20260114,41,5,12,1,233
20260114,42,2,2,1,153
20260114,42,2,12,1,146
20260114,42,3,2,2,272
20260114,42,4,2,3,414
20260114,42,4,12,1,132
20260114,42,5,12,2,508
20260114,43,2,12,4,534
20260114,43,3,12,1,126
20260114,43,4,2,4,532
20260114,43,5,2,1,234
20260114,44,5,2,1,230
20260114,45,2,2,3,423
20260114,45,4,2,1,131
20260114,46,2,2,4,545
20260114,46,3,2,1,142
20260114,46,4,2,1,128
20260114,46,5,2,2,497
20260114,47,2,2,1,145
20260114,47,3,2,1,142
20260114,47,4,2,1,141
20260114,50,2,13,1,140
20260114,50,4,13,4,552
20260114,51,3,13,1,139
20260114,51,4,13,2,245
20260114,52,2,13,5,686
20260114,52,3,13,2,246
20260114,52,4,0,1,136
20260114,53,2,13,2,295
20260114,53,3,13,1,141
20260114,53,4,13,3,394
20260114,53,5,13,1,221
20260114,54,2,3,3,400
20260114,54,4,3,1,153
20260114,54,4,13,2,261
20260114,54,5,3,1,258
20260114,55,2,3,1,138
20260114,55,2,13,1,146
20260114,55,3,3,1,122
20260114,55,4,3,2,290
20260114,55,4,13,2,278
20260114,56,2,3,1,132
20260114,56,2,10,1,133
20260114,56,4,10,1,128
20260114,56,5,3,1,268
20260114,57,3,3,2,247
20260114,57,4,3,1,146
20260114,58,2,3,1,149
20260114,58,4,3,4,534
20260114,58,5,3,1,229
20260114,59,2,3,1,130
20260114,59,3,3,4,499
20260114,59,4,3,1,125
20260114,59,5,3,1,249
20260114,61,3,0,2,255
20260114,62,3,10,1,128
20260114,62,5,0,1,240
20260114,63,5,10,1,243
20260114,64,4,14,1,145
20260114,65,3,0,1,145
20260114,65,4,14,2,296
20260114,65,5,14,1,217
20260114,66,2,14,1,145
20260114,66,5,0,2,507
20260114,67,4,14,2,266
20260114,67,5,0,1,261
20260114,68,2,14,2,253
20260114,68,4,4,2,267
20260114,68,5,4,2,502
20260114,69,2,4,2,289
20260114,69,5,4,2,498
20260114,69,5,14,2,532
20260114,70,2,4,2,274
20260114,70,2,14,1,140
20260114,70,3,4,1,143
20260114,70,4,4,1,149
20260114,70,4,14,2,286
20260114,70,5,14,1,241
20260114,71,2,4,2,273
20260114,71,2,14,2,275
20260114,71,3,14,1,115
20260114,71,4,14,2,276
20260114,71,5,4,2,500
20260114,71,5,14,1,268
20260114,72,2,4,1,129
20260114,72,3,4,1,130
20260114,72,4,4,4,521
20260114,72,5,10,1,261
20260114,73,3,4,2,235
20260114,73,4,4,3,413
20260114,74,3,4,2,267
20260114,74,5,4,2,471
20260114,75,2,4,1,130
20260114,75,3,4,1,120
20260114,75,4,4,3,426
20260114,75,5,10,1,248
20260114,76,3,0,1,135
20260114,76,3,10,1,128
20260114,78,2,15,3,402
20260114,78,3,15,1,136
20260114,78,4,15,2,279
20260114,79,2,15,3,425
20260114,79,3,0,1,141
20260114,79,4,0,1,124
20260114,79,4,15,2,259
20260114,79,5,0,1,233
20260114,80,2,15,1,125
20260114,80,3,0,1,143
20260114,80,4,15,3,413
20260114,80,5,0,1,261
20260114,81,2,15,1,140
20260114,81,3,15,1,121
20260114,81,4,15,1,152
20260114,82,2,5,3,423
20260114,82,2,15,5,676
20260114,82,5,5,1,261
20260114,82,5,15,1,213
20260114,83,2,5,4,495
20260114,83,2,15,3,392
20260114,83,3,15,1,139
20260114,83,4,5,1,140
20260114,83,5,15,1,216
20260114,84,2,5,1,134
20260114,84,4,5,1,124
20260114,84,5,5,2,466
20260114,85,2,5,2,258
20260114,85,4,5,2,295
20260114,85,5,5,1,271
20260114,86,2,5,1,122
20260114,86,3,5,3,401
20260114,86,4,5,2,283
20260114,87,2,5,1,139
20260114,87,2,10,1,145
20260114,87,3,5,1,128
20260114,87,4,5,3,425
20260114,87,5,5,1,241
20260114,89,2,10,1,149
20260114,89,3,10,1,126
20260115,22,2,11,1,155
20260115,22,3,11,1,138
20260115,22,5,11,1,240
20260115,23,2,11,1,138
20260115,24,2,11,1,150
20260115,24,3,0,1,136
20260115,24,3,11,2,248
20260115,25,2,0,1,139
20260115,25,4,11,1,144
20260115,25,5,11,1,264
20260115,26,2,1,1,151
20260115,26,3,1,2,240
20260115,26,3,11,1,143
20260115,26,4,11,1,132
20260115,26,5,1,1,269
20260115,27,2,1,1,141
20260115,27,2,11,1,148
20260115,27,3,1,1,139
20260115,27,3,11,1,128
20260115,27,4,11,1,151
20260115,27,5,11,1,232
20260115,28,2,11,1,138
20260115,28,3,11,1,125
20260115,28,4,1,1,128
20260115,28,4,11,1,144
20260115,29,3,1,1,143
20260115,29,3,11,1,130
20260115,29,4,1,1,146
20260115,29,4,11,3,422
20260115,30,2,1,2,278
20260115,30,3,1,3,408
20260115,30,5,1,1,253
20260115,31,4,1,1,158
20260115,31,5,10,1,254
20260115,32,3,1,1,149
20260115,32,4,1,2,285
20260115,33,2,10,1,128
20260115,33,3,1,1,144
20260115,33,4,1,1,133
20260115,34,5,10,1,273
20260115,37,2,0,1,158
20260115,38,2,12,2,287
20260115,38,3,12,1,142
20260115,38,4,12,3,399
20260115,39,3,12,2,264
20260115,39,4,12,2,274
20260115,40,2,12,1,150
20260115,40,3,12,2,275
20260115,40,4,12,1,132
20260115,40,5,12,1,280
20260115,41,2,12,2,292
20260115,41,4,12,3,440
20260115,41,5,12,1,253
20260115,42,2,2,3,472
20260115,42,3,12,1,133
20260115,42,4,2,4,560
20260115,42,4,12,3,419
20260115,42,5,2,1,275
20260115,42,5,12,2,497
20260115,43,2,2,1,160
20260115,43,3,12,1,140
20260115,43,4,2,2,287
20260115,43,4,12,1,147
20260115,44,2,2,2,287
20260115,44,3,2,1,120
20260115,44,4,2,4,575
20260115,44,5,2,1,275
20260115,45,2,2,1,140
20260115,45,3,2,1,134
20260115,46,2,2,1,153
20260115,46,3,2,1,142
20260115,46,4,2,2,277
20260115,47,2,2,1,158
20260115,47,2,10,1,138
20260115,47,4,2,1,143
20260115,47,5,2,2,508
20260115,50,3,13,1,152
20260115,50,4,13,1,156
20260115,51,2,13,3,443
20260115,51,4,0,1,161
20260115,51,5,13,1,264
20260115,52,2,13,1,137
20260115,52,3,13,2,276
20260115,52,4,13,2,272
20260115,52,5,13,2,532
20260115,53,2,13,2,277
20260115,53,3,13,1,134
20260115,53,4,13,1,137
20260115,54,2,3,2,284
20260115,54,4,3,1,142
20260115,54,4,13,1,153
20260115,54,5,13,1,228
20260115,55,2,3,3,426
20260115,55,3,3,1,145
20260115,55,4,3,4,599
20260115,55,4,13,1,139
20260115,55,5,3,2,495
20260115,55,5,13,2,518
20260115,56,2,3,1,132
20260115,56,5,3,1,288
20260115,57,3,3,1,131
20260115,57,4,3,1,147
20260115,57,5,3,1,280
20260115,58,2,3,1,160
20260115,58,2,10,1,144
20260115,58,3,3,1,139
20260115,58,5,3,1,264
20260115,59,2,3,4,543
20260115,59,4,3,2,297
20260115,59,5,3,2,466
20260115,60,2,0,1,151
20260115,60,5,10,1,224
20260115,61,4,10,2,281
20260115,61,5,10,1,246
20260115,62,3,10,1,144
20260115,62,4,10,1,146
20260115,63,4,10,1,147
20260115,64,3,14,2,302
20260115,65,2,14,2,293
20260115,65,3,14,1,143
20260115,65,4,14,1,161
20260115,65,5,14,2,535
20260115,66,4,14,2,276
20260115,67,4,14,1,144
20260115,68,2,4,1,139
20260115,68,3,4,1,129
20260115,68,3,14,1,150
20260115,68,4,14,1,148
20260115,68,5,4,1,260
20260115,68,5,14,1,273
20260115,69,2,4,1,153
20260115,69,3,14,1,140
20260115,69,4,4,1,161
20260115,69,5,14,1,263
20260115,70,2,4,1,153
20260115,70,2,14,1,128
20260115,70,5,4,1,263
20260115,70,5,14,2,546
20260115,71,2,4,1,133
20260115,71,2,14,1,155
20260115,71,3,4,1,122
20260115,71,3,14,1,143
20260115,71,4,14,2,293
20260115,72,2,4,1,146
20260115,72,4,4,2,277
20260115,73,3,4,1,142
20260115,73,4,4,1,156
20260115,74,2,4,2,290
20260115,74,3,4,1,150
20260115,74,4,4,3,436
20260115,74,5,4,1,242
20260115,75,2,4,1,138
20260115,75,3,4,1,141
20260115,75,3,10,1,140
20260115,75,4,4,2,274
20260115,77,2,10,1,159
20260115,78,2,15,1,156
20260115,78,3,15,2,280
20260115,78,4,15,2,265
20260115,78,5,15,2,552
20260115,79,2,15,1,139
20260115,79,3,15,1,152
20260115,79,4,15,4,574
20260115,80,4,15,3,439
20260115,80,5,15,1,259
20260115,81,2,15,4,562
20260115,81,3,15,1,127
20260115,81,5,15,1,284
20260115,82,2,5,1,146
20260115,82,2,15,1,154
20260115,82,3,15,1,142
20260115,82,5,5,1,236
20260115,83,2,5,2,308
20260115,83,3,15,2,247
20260115,83,4,5,3,426
20260115,83,4,15,2,285
20260115,84,2,5,1,159
20260115,84,3,5,1,119
20260115,84,4,5,2,290
20260115,84,4,10,1,131
20260115,85,3,5,1,133
20260115,85,4,5,1,155
20260115,85,5,5,1,268
20260115,86,2,5,3,460
20260115,86,4,5,1,140
20260115,86,5,5,2,465
20260115,87,2,5,1,139
20260115,87,3,5,1,138
20260115,87,4,5,1,150
20260115,87,5,5,1,249
20260115,91,3,0,1,120
20260116,22,2,11,1,139
20260116,22,5,11,1,262
20260116,23,2,11,1,161
20260116,23,4,11,1,154
20260116,24,3,0,1,146
20260116,24,4,11,2,284
20260116,24,5,0,1,275
20260116,24,5,11,3,772
20260116,25,3,11,1,130
20260116,25,4,11,2,322
20260116,25,5,11,1,250
20260116,26,2,1,1,157
20260116,26,3,1,2,291
20260116,26,4,11,2,282
20260116,26,5,1,1,302
20260116,27,2,1,2,312
20260116,27,3,1,1,147
20260116,27,3,11,2,313
20260116,27,5,11,2,612
20260116,28,2,1,1,172
20260116,28,2,11,2,310
20260116,28,3,1,1,148
20260116,28,3,11,1,151
20260116,28,4,1,1,158
20260116,28,5,1,2,554
20260116,29,2,1,3,466
20260116,29,3,11,2,310
20260116,29,4,1,3,468
20260116,29,4,11,1,144
20260116,29,5,11,1,287
20260116,30,2,1,1,165
20260116,30,3,1,1,151
20260116,30,4,1,1,142
20260116,30,4,10,1,173
20260116,30,5,1,1,278
20260116,31,2,1,2,336
20260116,31,3,1,1,140
20260116,31,4,1,1,141
20260116,31,5,1,1,241
20260116,32,4,1,1,150
20260116,32,5,1,1,245
20260116,33,2,1,1,171
20260116,33,5,1,2,559
20260116,37,3,0,1,137
20260116,38,2,0,1,158
20260116,38,2,12,1,142
20260116,38,3,12,1,141
20260116,39,2,12,1,146
20260116,39,4,12,5,809
20260116,39,5,0,1,258
20260116,40,4,12,1,157
20260116,41,2,12,1,156
20260116,41,3,12,1,134
20260116,42,2,2,2,299
20260116,42,2,12,2,336
20260116,42,3,2,1,162
20260116,42,3,12,2,291
20260116,42,4,2,1,158
20260116,42,5,2,1,264
20260116,42,5,12,4,1117
20260116,43,2,2,1,142
20260116,43,2,12,4,597
20260116,43,4,2,3,445
20260116,43,4,12,2,331
20260116,43,5,2,1,272
20260116,43,5,12,1,252
20260116,44,2,2,2,335
20260116,44,3,2,1,154
20260116,44,4,2,1,162
20260116,45,2,2,3,460
20260116,45,4,2,2,288
20260116,46,2,2,5,774
20260116,46,3,2,1,154
20260116,46,4,2,2,285
20260116,47,2,2,1,153
20260116,47,4,2,1,173
20260116,48,2,0,1,138
20260116,48,5,10,1,291
20260116,50,2,13,1,173
20260116,50,4,13,1,163
20260116,50,5,13,1,289
20260116,51,3,0,1,149
20260116,52,2,13,1,164
20260116,52,4,13,1,142
20260116,52,5,0,1,289
20260116,52,5,13,1,274
20260116,53,2,13,2,308
20260116,53,3,0,1,151
20260116,53,4,13,1,173
20260116,54,2,3,3,463
20260116,54,2,13,2,338
20260116,54,3,3,1,139
20260116,54,4,3,2,313
20260116,54,4,13,1,167
20260116,55,3,3,1,142
20260116,55,3,13,2,280
20260116,55,4,13,1,142
20260116,55,5,13,1,271
20260116,56,2,3,1,153
20260116,56,4,10,1,146
20260116,57,2,3,2,327
20260116,57,3,3,3,419
20260116,57,4,3,1,147
20260116,57,5,3,2,532
20260116,58,2,3,1,159
20260116,58,3,3,2,263
20260116,58,4,3,1,170
20260116,59,4,3,2,294
20260116,59,4,10,1,140
20260116,60,5,0,1,253
20260116,65,3,14,2,309
20260116,65,4,14,1,143
20260116,66,2,14,2,308
20260116,66,5,0,1,252
20260116,66,5,14,1,308
20260116,67,4,14,3,455
20260116,68,2,4,2,302
20260116,68,2,14,1,147
20260116,68,4,4,1,170
20260116,68,4,14,2,288
20260116,68,5,14,2,585
20260116,69,2,14,1,152
20260116,69,4,4,1,144
20260116,69,5,4,1,253
20260116,70,4,14,3,480
20260116,70,5,14,1,257
20260116,71,2,4,2,311
20260116,71,2,14,3,453
20260116,71,3,4,2,299
20260116,71,4,4,1,148
20260116,71,4,14,1,159
20260116,71,5,4,1,303
20260116,71,5,14,1,244
20260116,72,2,4,1,173
20260116,72,4,4,4,656
20260116,73,2,4,1,151
20260116,73,3,4,1,147
20260116,74,2,4,1,151
20260116,74,3,10,1,131
20260116,74,4,4,2,313
20260116,74,4,10,1,165
20260116,74,5,4,2,554
20260116,75,5,4,1,288
20260116,76,2,0,1,168
20260116,77,2,0,1,158
20260116,78,3,15,1,141
20260116,78,4,15,3,467
20260116,78,5,15,2,541
20260116,79,2,15,2,323
20260116,79,3,15,1,138
20260116,80,2,15,1,138
20260116,80,4,15,2,317
20260116,80,5,15,1,254
20260116,81,2,15,2,297
20260116,81,3,15,1,144
20260116,81,4,0,1,148
20260116,81,4,15,2,307
20260116,82,2,5,1,165
20260116,82,3,5,2,319
20260116,82,3,15,1,147
20260116,82,4,5,2,316
20260116,82,4,15,3,502
20260116,82,5,5,1,294
20260116,83,2,5,3,435
20260116,83,2,15,1,140
20260116,83,3,15,1,134
20260116,83,5,5,1,270
20260116,83,5,15,1,289
20260116,84,4,5,2,289
20260116,84,5,5,1,281
20260116,85,2,5,2,308
20260116,85,4,5,1,172
20260116,85,5,5,2,510
20260116,86,3,10,1,155
20260116,86,4,5,1,168
20260116,86,5,10,1,244
20260116,87,2,10,1,146
20260116,87,3,5,2,258
20260116,87,4,5,2,306
20260116,87,5,5,1,278
20260116,88,3,0,1,131
20260116,88,3,10,1,137
20260116,90,5,0,1,308
20260116,91,3,0,1,143
20260117,22,2,11,2,236
20260117,22,3,11,1,111
20260117,22,5,11,1,195
20260117,23,2,11,2,234
20260117,23,3,11,2,242
20260117,23,4,11,3,392
20260117,23,5,11,1,223
20260117,24,2,11,1,108
20260117,24,3,11,1,105
20260117,24,4,11,1,114
20260117,24,5,11,1,192
20260117,25,2,11,1,125
20260117,25,3,11,1,107
20260117,25,4,11,2,240
20260117,26,2,11,1,117
20260117,26,3,1,2,228
20260117,26,3,11,1,115
20260117,26,4,11,3,362
20260117,26,5,1,1,198
20260117,26,5,11,1,217
20260117,27,2,11,1,134
20260117,27,3,1,1,111
20260117,27,4,11,1,122
20260117,27,5,1,2,432
20260117,27,5,11,2,406
20260117,28,3,1,1,116
20260117,28,3,11,2,223
20260117,28,4,11,2,219
20260117,28,5,1,3,664
20260117,29,2,1,2,231
20260117,29,2,11,3,361
20260117,29,3,1,1,117
20260117,29,5,1,1,228
20260117,30,5,1,1,228
20260117,31,3,1,1,109
20260117,31,5,1,2,381
20260117,32,2,1,1,131
20260117,32,3,1,1,123
20260117,33,2,1,2,246
20260117,38,2,12,1,134
20260117,38,3,12,2,217
20260117,39,2,12,1,132
20260117,39,4,12,1,137
20260117,39,5,12,1,219
20260117,40,3,12,1,123
20260117,40,5,12,2,442
20260117,41,2,12,2,263
20260117,41,4,0,1,129
20260117,41,4,12,1,111
20260117,42,2,2,1,122
20260117,42,2,12,3,378
20260117,42,3,2,2,242
20260117,42,3,12,1,126
20260117,42,4,2,3,356
20260117,42,4,12,1,124
20260117,42,5,12,1,228
20260117,43,2,2,3,378
20260117,43,3,12,1,126
20260117,43,4,2,1,130
20260117,43,4,12,1,126
20260117,43,5,2,2,415
20260117,43,5,12,1,198
20260117,44,2,2,1,111
20260117,44,3,2,1,127
20260117,44,4,2,3,373
20260117,44,4,10,1,111
20260117,44,5,10,1,224
20260117,45,2,2,1,110
20260117,45,4,2,1,124
20260117,46,2,2,2,239
20260117,46,4,2,2,261
20260117,46,4,10,1,113
20260117,47,3,2,2,227
20260117,47,4,2,3,379
20260117,47,5,2,1,239
20260117,49,2,0,1,129
20260117,50,2,13,1,124
20260117,50,4,13,3,347
20260117,51,2,13,2,232
20260117,51,4,13,3,367
20260117,51,5,13,1,210
20260117,52,2,13,1,115
20260117,52,3,13,1,118
20260117,52,5,13,1,229
20260117,53,2,13,3,375
20260117,53,3,13,1,126
20260117,53,4,13,2,249
20260117,54,2,3,3,347
20260117,54,2,13,2,244
20260117,54,3,3,1,102
20260117,54,3,13,1,101
20260117,54,4,3,2,270
20260117,54,4,13,4,464
20260117,54,5,3,1,243
20260117,54,5,13,1,234
20260117,55,3,3,1,103
20260117,55,3,13,1,123
20260117,55,4,3,2,241
20260117,55,4,13,3,382
20260117,56,2,3,1,114
20260117,56,3,3,1,104
20260117,56,4,3,3,364
20260117,56,4,10,1,112
20260117,57,2,3,1,124
20260117,57,5,3,2,433
20260117,58,2,3,1,126
20260117,58,3,3,1,103
20260117,58,4,3,1,114
20260117,59,2,3,2,250
20260117,59,3,10,1,127
20260117,59,5,3,2,408
20260117,61,3,10,1,125
20260117,63,2,10,1,119
20260117,64,2,0,1,111
20260117,64,2,14,3,369
20260117,64,3,14,1,103
20260117,64,4,14,2,242
20260117,65,2,14,2,221
20260117,65,3,14,1,116
20260117,66,2,14,1,114
20260117,66,3,0,1,128
20260117,66,3,14,1,123
20260117,66,4,14,1,131
20260117,66,5,14,1,199
20260117,67,2,14,1,129
20260117,67,3,14,1,108
20260117,67,4,14,2,256
20260117,68,3,4,1,124
20260117,68,3,14,1,115
20260117,68,4,4,3,347
20260117,68,5,14,2,462
20260117,69,3,4,1,129
20260117,69,3,14,1,118
20260117,69,4,14,3,378
20260117,69,5,14,1,194
20260117,70,2,4,3,367
20260117,70,2,14,2,268
20260117,70,3,4,1,108
20260117,70,3,14,1,126
20260117,70,4,4,2,251
20260117,70,4,14,3,382
20260117,70,5,4,1,220
20260117,70,5,14,1,197
20260117,71,2,4,1,127
20260117,71,2,14,1,111
20260117,71,3,4,1,129
20260117,71,4,4,4,515
20260117,71,4,14,2,251
20260117,71,5,4,1,241
20260117,71,5,14,1,208
20260117,72,2,10,1,109
20260117,72,3,4,2,213
20260117,73,2,4,1,111
20260117,73,4,4,2,251
20260117,74,2,4,1,128
20260117,74,5,4,1,233
20260117,75,2,4,1,113
20260117,75,3,10,1,108
20260117,77,2,10,1,112
20260117,77,4,0,1,112
20260117,78,2,15,2,249
20260117,78,3,15,1,125
20260117,78,5,15,3,629
20260117,79,2,15,2,264
20260117,79,4,15,1,109
20260117,79,5,15,1,230
20260117,80,3,15,2,246
20260117,80,4,15,1,112
20260117,81,4,0,1,115
20260117,81,4,15,3,370
20260117,81,5,15,3,674
20260117,82,2,5,2,250
20260117,82,3,5,1,101
20260117,82,3,15,2,232
20260117,82,4,5,2,241
20260117,82,4,15,3,373
20260117,82,5,5,1,197
20260117,83,2,5,3,356
20260117,83,3,5,1,113
20260117,83,4,5,3,382
20260117,83,4,15,2,243
20260117,84,2,5,2,243
20260117,85,2,5,1,116
20260117,85,5,5,1,191
20260117,86,2,5,1,111
20260117,86,3,5,2,216
20260117,86,5,5,2,417
20260117,87,2,10,1,113
20260117,87,4,5,1,109
20260117,88,4,0,1,117
20260117,89,3,10,1,117
20260117,90,2,10,1,124
20260117,91,2,0,1,129
20260117,91,3,0,1,121
20260118,22,4,11,2,308
20260118,22,5,11,1,299
20260118,23,4,11,1,166
20260118,23,5,11,1,245
20260118,24,2,11,1,162
20260118,24,3,0,1,138
20260118,24,4,11,2,300
20260118,24,5,11,1,253
20260118,25,4,11,1,148
20260118,26,3,11,1,137
20260118,26,4,1,3,475
20260118,26,4,11,1,156
20260118,26,5,1,1,295
20260118,27,2,1,1,166
20260118,27,3,1,1,127
20260118,27,3,11,1,157
20260118,27,4,1,3,464
20260118,27,4,11,1,146
20260118,27,5,1,1,274
20260118,27,5,11,2,552
20260118,28,2,11,1,140
20260118,28,3,1,1,153
20260118,28,4,1,2,300
20260118,28,4,11,3,429
20260118,29,2,1,1,146
20260118,29,3,1,1,149
20260118,29,3,11,1,160
20260118,29,4,1,3,458
20260118,29,4,11,1,153
20260118,30,5,1,2,533
20260118,30,5,10,1,278
20260118,31,3,1,1,136
20260118,31,4,1,2,308
20260118,31,5,1,1,300
20260118,32,2,1,2,304
20260118,32,4,1,1,166
20260118,32,5,1,2,518
20260118,32,5,10,1,276
20260118,33,2,1,2,325
20260118,33,3,1,1,144
20260118,36,5,10,1,300
20260118,37,3,0,1,146
20260118,38,2,12,1,158
20260118,38,3,12,1,142
20260118,38,4,12,1,142
20260118,38,5,12,2,542
20260118,39,3,12,1,148
20260118,39,4,12,2,314
20260118,39,5,12,1,256
20260118,40,2,12,3,426
20260118,40,3,12,1,156
20260118,40,4,12,1,151
20260118,41,4,12,2,335
20260118,42,2,2,3,479
20260118,42,2,12,2,292
20260118,42,3,2,1,134
20260118,42,4,12,3,472
20260118,42,5,2,1,232
20260118,42,5,12,1,270
20260118,43,2,2,3,491
20260118,43,2,12,1,163
20260118,43,5,2,2,595
20260118,43,5,12,1,253
20260118,44,2,2,1,159
20260118,44,3,2,1,127
20260118,44,4,2,1,153
20260118,45,2,2,2,298
20260118,45,3,10,1,153
20260118,45,4,2,1,146
20260118,45,5,2,2,518
20260118,46,3,2,4,588
20260118,46,5,2,1,286
20260118,46,5,10,1,237
20260118,47,3,2,3,444
20260118,47,4,2,1,157
20260118,49,4,0,1,137
20260118,49,5,10,1,287
20260118,50,3,13,1,151
20260118,50,4,13,2,311
20260118,51,3,13,1,132
20260118,51,4,13,2,306
20260118,51,5,13,1,240
20260118,52,2,13,1,154
20260118,53,3,13,3,463
20260118,53,5,0,1,242
20260118,54,2,13,1,137
20260118,54,3,13,2,283
20260118,54,4,3,1,162
20260118,54,5,3,1,299
20260118,55,2,3,4,583
20260118,55,2,13,2,315
20260118,55,3,3,1,154
20260118,55,3,13,2,250
20260118,55,4,3,1,155
20260118,55,4,13,1,157
20260118,56,2,3,1,136
20260118,56,3,3,1,139
20260118,56,4,3,2,283
20260118,57,2,3,2,298
20260118,57,3,3,3,428
20260118,57,4,3,1,145
20260118,58,3,3,1,126
20260118,58,4,3,1,145
20260118,58,5,3,1,291
20260118,58,5,10,1,235
20260118,59,2,3,2,300
20260118,59,3,3,2,278
20260118,59,4,3,2,295
20260118,59,5,3,1,282
20260118,60,5,0,1,269
20260118,62,2,10,1,158
20260118,62,5,0,1,301
20260118,64,4,14,1,169
20260118,65,3,14,1,145
20260118,66,2,14,2,310
20260118,66,4,14,4,598
20260118,66,5,14,1,251
20260118,67,3,14,1,156
20260118,67,4,0,1,169
20260118,67,4,14,2,303
20260118,67,5,14,1,262
20260118,68,2,4,3,456
20260118,68,3,4,2,280
20260118,68,3,14,1,135
20260118,68,4,4,2,287
20260118,68,5,14,1,251
20260118,69,2,4,1,154
20260118,69,2,14,1,142
20260118,69,3,4,1,146
20260118,69,4,14,2,299
20260118,69,5,4,2,550
20260118,70,2,14,1,145
20260118,70,3,14,1,154
20260118,70,4,4,1,163
20260118,70,4,14,1,169
20260118,71,3,14,1,137
20260118,72,3,4,2,312
20260118,72,4,4,3,440
20260118,73,4,4,2,303
20260118,73,4,10,1,148
20260118,73,5,4,2,541
20260118,74,2,4,1,158
20260118,74,3,10,2,275
20260118,75,2,4,2,318
20260118,75,3,4,1,151
20260118,75,4,4,2,300
20260118,75,5,4,1,283
20260118,76,3,0,1,147
20260118,78,3,15,2,291
20260118,78,4,15,2,299
20260118,79,4,15,1,155
20260118,80,2,15,1,162
20260118,80,3,15,2,305
20260118,80,5,15,1,236
20260118,81,2,15,1,166
20260118,81,4,15,2,292
20260118,81,5,15,1,268
20260118,82,2,5,3,457
20260118,82,3,5,1,157
20260118,82,3,15,1,143
20260118,82,4,5,1,138
20260118,82,4,15,2,292
20260118,82,5,5,1,247
20260118,82,5,15,1,283
20260118,83,3,5,1,127
20260118,83,3,15,1,138
20260118,83,4,15,1,145
20260118,84,2,5,3,482
20260118,84,3,5,1,127
20260118,84,5,5,2,542
20260118,85,4,5,2,309
20260118,86,2,5,2,290
20260118,86,3,5,1,125
20260118,86,3,10,1,146
20260118,86,4,5,1,145
20260118,86,5,5,1,270
20260118,87,2,5,2,321
20260118,87,4,5,2,304
20260118,88,3,10,1,136
20260118,88,4,0,1,155
20260118,89,3,10,1,151
20260118,90,5,0,2,489
20260118,91,5,10,1,247
20260119,22,2,11,1,148
20260119,23,2,11,2,289
20260119,23,3,11,1,147
20260119,23,5,11,1,228
20260119,24,2,11,1,145
20260119,24,3,11,1,138
20260119,24,5,11,1,268
20260119,25,3,11,1,122
20260119,25,4,11,4,572
20260119,25,5,11,2,517
20260119,26,2,11,1,160
20260119,26,4,1,1,148
20260119,27,2,1,2,281
20260119,27,2,11,1,131
20260119,27,3,1,2,248
20260119,27,4,1,2,279
20260119,27,4,11,1,146
20260119,27,5,1,1,263
20260119,28,2,1,1,143
20260119,28,2,11,1,128
20260119,28,3,1,1,151
20260119,28,3,11,1,132
20260119,28,4,1,3,464
20260119,28,4,11,3,438
20260119,29,2,1,3,442
20260119,29,3,11,1,127
20260119,29,4,1,1,150
20260119,29,4,11,1,135
20260119,29,5,1,1,281
20260119,29,5,11,2,551
20260119,30,2,1,3,427
20260119,30,4,1,1,145
20260119,30,5,1,1,284
20260119,31,2,1,1,144
20260119,31,3,1,1,123
20260119,31,5,1,1,232
20260119,32,2,1,3,442
20260119,32,4,1,1,136
20260119,33,2,1,3,438
20260119,33,3,1,1,136
20260119,33,5,1,1,244
20260119,35,5,10,1,241
20260119,37,4,10,1,151
20260119,38,2,12,1,158
20260119,38,3,12,1,143
20260119,38,4,12,1,139
20260119,38,5,12,1,253
20260119,39,2,12,2,292
20260119,39,3,12,2,264
20260119,39,4,12,1,133
20260119,39,5,12,1,277
20260119,40,2,0,1,153
20260119,40,2,12,3,441
20260119,40,3,12,1,128
20260119,41,2,0,1,137
20260119,41,3,0,1,148
20260119,41,4,12,2,284
20260119,42,2,2,2,275
20260119,42,2,12,1,158
20260119,42,3,2,1,123
20260119,42,3,12,1,139
20260119,42,4,12,4,562
20260119,42,5,12,1,225
20260119,43,2,12,3,416
20260119,43,3,2,1,145
20260119,43,3,12,3,415
20260119,43,4,2,1,143
20260119,43,5,2,1,224
20260119,44,3,2,1,124
20260119,44,4,2,2,301
20260119,44,5,2,1,235
20260119,45,3,2,1,140
20260119,45,4,2,3,426
20260119,46,2,2,1,154
20260119,46,4,2,3,451
20260119,47,2,2,1,143
20260119,47,3,2,2,279
20260119,47,4,2,2,306
20260119,47,5,2,1,280
20260119,49,5,0,1,264
20260119,50,2,0,1,140
20260119,50,2,13,1,146
20260119,50,3,13,2,253
20260119,50,4,13,2,304
20260119,51,2,13,4,539
20260119,51,3,13,3,396
20260119,51,4,13,3,429
20260119,51,5,13,1,242
20260119,52,2,13,3,460
20260119,52,3,13,4,516
20260119,52,5,13,2,503
20260119,53,2,13,1,139
20260119,53,4,13,1,155
20260119,54,2,3,1,150
20260119,54,2,13,1,138
20260119,54,3,3,1,146
20260119,54,3,13,2,251
20260119,54,4,13,2,296
20260119,54,5,3,1,286
20260119,55,2,3,3,477
20260119,55,2,13,1,128
20260119,55,3,3,1,139
20260119,55,4,3,1,153
20260119,55,5,3,1,244
20260119,56,2,3,3,432
20260119,56,4,3,2,284
20260119,57,2,3,3,431
20260119,57,4,3,2,293
20260119,58,2,3,1,161
20260119,58,2,10,1,146
20260119,58,3,3,4,521
20260119,58,4,3,1,147
20260119,59,2,3,2,290
20260119,59,3,3,1,139
20260119,59,4,3,2,267
20260119,60,3,0,1,131
20260119,61,4,0,1,153
20260119,61,4,10,1,136
20260119,63,2,0,1,131
20260119,64,2,14,1,150
20260119,64,3,14,2,265
20260119,64,4,14,1,151
20260119,65,3,14,2,283
20260119,65,4,14,3,464
20260119,65,5,14,2,512
20260119,66,4,0,1,149
20260119,66,4,14,2,312
20260119,67,2,14,1,157
20260119,67,4,14,5,711
20260119,68,2,4,2,280
20260119,68,3,4,1,122
20260119,68,3,14,2,282
20260119,68,4,14,1,155
20260119,69,2,4,1,140
20260119,69,3,4,1,132
20260119,69,4,4,1,155
20260119,69,5,4,2,528
20260119,70,2,4,1,133
20260119,70,2,14,2,300
20260119,70,3,14,2,272
20260119,70,4,4,3,446
20260119,70,5,4,2,533
20260119,71,2,4,1,133
20260119,71,2,14,1,145
20260119,71,3,4,1,139
20260119,71,3,14,1,121
20260119,71,4,14,1,147
20260119,71,5,4,1,264
20260119,72,5,4,1,254
20260119,73,2,4,1,144
20260119,73,4,4,1,131
20260119,73,5,4,1,223
20260119,74,3,4,2,258
20260119,74,5,4,1,264
20260119,75,2,4,1,161
20260119,75,3,4,2,266
20260119,76,4,0,1,132
20260119,78,2,0,1,133
20260119,78,2,15,1,128
20260119,78,3,15,1,139
20260119,78,4,15,1,133
20260119,78,5,15,1,234
20260119,79,2,15,2,291
20260119,79,3,15,1,122
20260119,80,2,0,1,144
20260119,80,2,15,1,133
20260119,80,3,15,1,145
20260119,80,5,15,1,223
20260119,81,2,15,3,449
20260119,81,4,15,1,152
20260119,81,5,15,1,278
20260119,82,2,5,1,143
20260119,82,2,15,2,293
20260119,82,3,5,2,272
20260119,82,3,15,1,146
20260119,82,4,5,2,260
20260119,82,4,15,1,152
20260119,82,5,5,1,246
20260119,82,5,15,1,248
20260119,83,2,15,1,156
20260119,83,3,15,1,149
20260119,83,4,5,1,161
20260119,83,4,15,2,275
20260119,83,5,5,1,240
20260119,83,5,15,1,246
20260119,84,2,5,2,304
20260119,84,3,5,2,287
20260119,84,4,5,2,272
20260119,84,5,5,1,251
20260119,85,2,5,1,160
20260119,85,2,10,1,133
20260119,85,3,5,3,396
20260119,85,4,5,1,160
20260119,85,5,5,1,286
20260119,86,3,10,1,128
20260119,86,4,5,1,150
20260119,86,4,10,1,144
20260119,86,5,5,2,544
20260119,87,2,5,1,150
20260119,87,4,5,2,313
20260119,87,5,5,1,280
20260119,87,5,10,1,254
20260119,89,2,0,1,130
20260119,89,2,10,1,131
20260119,89,3,0,1,133
20260119,91,4,0,1,154
20260120,22,3,11,1,119
20260120,22,4,11,3,384
20260120,23,2,11,2,257
20260120,23,4,11,1,124
20260120,24,3,11,1,119
20260120,24,5,11,2,489
20260120,25,2,11,1,135
20260120,25,3,11,1,141
20260120,26,2,11,1,140
20260120,26,3,1,2,260
20260120,26,3,11,2,270
20260120,26,4,11,2,262
20260120,26,5,11,1,224
20260120,27,3,1,1,113
20260120,27,4,1,1,143
20260120,27,4,11,1,120
20260120,27,5,1,1,258
20260120,27,5,11,2,481
20260120,28,2,11,2,265
20260120,28,3,11,1,123
20260120,28,4,1,1,127
20260120,29,4,1,2,263
20260120,29,5,1,2,438
20260120,30,3,1,1,134
20260120,30,5,1,1,258
20260120,31,2,1,1,132
20260120,31,3,1,2,247
20260120,31,4,1,1,121
20260120,32,2,1,1,134
20260120,32,4,1,1,149
20260120,32,5,10,1,230
20260120,33,2,1,1,138
20260120,33,4,1,1,119
20260120,34,2,10,1,140
20260120,37,5,10,1,233
20260120,38,2,12,2,277
20260120,38,5,12,1,223
20260120,39,2,12,3,410
20260120,39,3,12,1,134
20260120,40,2,12,2,272
20260120,40,3,0,1,111
20260120,40,4,12,3,417
20260120,41,3,0,1,130
20260120,41,3,12,2,254
20260120,41,4,12,4,540
20260120,41,5,12,1,219
20260120,42,2,2,2,293
20260120,42,2,12,2,257
20260120,42,3,2,1,111
20260120,42,3,12,1,128
20260120,42,4,2,1,143
20260120,42,4,12,2,251
20260120,43,2,2,1,145
20260120,43,2,12,3,416
20260120,43,4,2,2,257
20260120,43,5,2,1,213
20260120,43,5,12,2,464
20260120,44,2,2,1,134
20260120,44,3,2,1,120
20260120,45,4,2,1,121
20260120,45,5,2,1,263
20260120,46,2,2,2,259
20260120,46,3,2,1,124
20260120,46,4,2,2,268
20260120,47,2,2,1,130
20260120,47,2,10,1,142
20260120,47,4,2,1,141
20260120,48,2,10,1,132
20260120,48,4,10,2,270
20260120,50,2,13,1,147
20260120,50,5,13,2,476
20260120,51,2,0,1,142
20260120,51,3,13,1,126
20260120,51,4,13,1,137
20260120,52,4,13,2,259
20260120,53,2,13,1,120
20260120,53,3,13,1,134
20260120,53,4,13,1,135
20260120,54,2,3,3,417
20260120,54,2,13,3,432
20260120,54,3,13,1,124
20260120,54,4,13,2,285
20260120,54,5,3,2,480
20260120,55,2,13,2,267
20260120,55,3,3,2,248
20260120,55,4,3,5,652
20260120,55,4,13,2,267
20260120,55,5,13,3,679
20260120,56,2,3,1,130
20260120,56,3,3,1,118
20260120,56,4,3,2,265
20260120,57,3,3,2,267
20260120,57,4,3,1,144
20260120,57,5,3,1,239
20260120,58,2,3,1,148
20260120,58,4,3,1,141
20260120,59,2,3,1,120
20260120,59,4,3,2,293
20260120,59,5,3,2,484
20260120,63,2,0,1,137
20260120,63,3,0,1,132
20260120,63,3,10,1,117
20260120,64,2,14,1,129
20260120,64,4,0,1,138
20260120,65,3,14,1,135
20260120,65,4,14,3,405
20260120,65,5,14,1,261
20260120,66,2,14,2,295
20260120,66,3,14,1,112
20260120,66,4,14,3,412
20260120,67,2,14,1,126
20260120,67,3,14,1,130
20260120,68,2,14,1,123
20260120,68,4,14,1,129
20260120,68,5,4,2,461
20260120,68,5,14,2,488
20260120,69,2,4,1,119
20260120,69,2,14,3,414
20260120,69,3,14,1,141
20260120,69,4,4,2,287
20260120,69,5,4,1,218
20260120,70,2,4,1,119
20260120,70,2,14,3,418
20260120,70,3,14,2,247
20260120,70,4,14,3,415
20260120,71,2,4,1,136
20260120,71,3,4,1,133
20260120,71,3,14,3,376
20260120,71,4,14,1,126
20260120,71,5,4,1,248
20260120,71,5,14,2,499
20260120,72,2,4,1,145
20260120,72,3,4,2,255
20260120,72,5,4,2,475
20260120,73,2,4,1,129
20260120,73,3,4,1,138
20260120,73,4,4,1,120
20260120,73,5,10,1,257
20260120,75,3,4,1,133
20260120,75,5,4,2,474
20260120,76,2,0,1,125
20260120,76,3,10,1,119
20260120,77,2,10,1,146
20260120,78,3,15,2,272
20260120,78,5,0,1,234
20260120,78,5,15,2,491
20260120,79,2,15,1,145
20260120,79,3,15,1,140
20260120,79,4,15,1,135
20260120,80,3,15,1,115
20260120,80,4,15,6,806
20260120,80,5,15,1,262
20260120,81,2,15,1,120
20260120,81,3,15,1,137
20260120,81,4,15,3,390
20260120,81,5,15,1,262
20260120,82,2,5,5,695
20260120,82,2,15,2,265
20260120,82,3,15,1,140
20260120,82,4,5,3,408
20260120,82,4,15,1,140
20260120,82,5,5,1,262
20260120,82,5,15,1,236
20260120,83,2,5,1,125
20260120,83,2,15,2,271
20260120,83,3,5,2,259
20260120,83,3,15,1,119
20260120,83,5,5,1,230
20260120,83,5,15,1,227
20260120,84,2,5,2,270
20260120,84,3,5,1,134
20260120,84,4,5,1,145
20260120,84,5,5,1,225
20260120,85,2,5,2,273
20260120,85,4,5,3,378
20260120,85,5,5,2,445
20260120,86,3,5,1,136
20260120,86,4,5,1,132
20260120,87,2,5,1,134
20260120,91,2,0,1,134
20260120,91,3,0,1,117
20260121,22,2,11,2,295
20260121,22,3,11,1,119
20260121,22,5,11,1,258
20260121,23,5,11,1,264
20260121,24,4,11,2,275
20260121,24,5,11,1,264
20260121,25,3,11,1,140
20260121,25,4,11,2,286
20260121,25,5,11,2,504
20260121,26,2,1,3,410
20260121,26,3,1,1,136
20260121,26,4,11,1,142
20260121,26,5,1,1,213
20260121,26,5,11,1,216
20260121,27,2,1,2,261
20260121,27,2,11,1,151
20260121,27,3,11,1,124
20260121,28,4,1,1,142
20260121,29,2,1,3,414
20260121,29,2,11,1,132
20260121,29,4,1,1,152
20260121,29,4,11,1,139
20260121,30,2,1,1,129
20260121,30,3,1,1,136
20260121,30,4,1,2,268
20260121,30,5,1,1,218
20260121,31,2,1,1,138
20260121,31,4,1,1,137
20260121,31,5,1,2,499
20260121,32,2,1,1,128
20260121,32,4,1,5,711
20260121,33,2,1,1,136
20260121,33,2,10,1,135
20260121,33,3,10,1,124
20260121,34,2,10,1,141
20260121,38,2,12,3,387
20260121,38,3,12,1,113
20260121,38,4,12,2,274
20260121,38,5,12,1,263
20260121,39,2,12,1,151
20260121,39,5,12,1,225
20260121,40,2,0,1,124
20260121,40,4,12,2,269
20260121,41,2,12,1,132
20260121,42,2,2,2,262
20260121,42,2,12,2,248
20260121,42,3,2,1,123
20260121,42,3,12,1,127
20260121,42,4,2,3,418
20260121,42,4,12,3,415
20260121,42,5,12,4,946
20260121,43,2,2,1,138
20260121,43,2,12,1,124
20260121,43,4,2,2,273
20260121,43,4,12,1,128
20260121,43,5,12,1,250
20260121,44,2,2,2,285
20260121,44,2,10,1,132
20260121,44,4,2,1,141
20260121,44,5,2,1,236
20260121,45,2,2,2,277
20260121,45,3,2,1,116
20260121,46,2,2,1,133
20260121,46,3,10,1,140
20260121,46,4,2,1,127
20260121,47,2,2,2,276
20260121,47,3,10,1,141
20260121,50,4,13,1,132
20260121,50,5,13,1,271
20260121,51,3,13,1,113
20260121,51,4,13,1,149
20260121,51,5,13,1,262
20260121,52,2,13,1,133
20260121,52,3,13,1,120
20260121,52,4,13,2,292
20260121,53,3,13,1,127
20260121,53,4,13,4,547
20260121,54,2,3,1,121
20260121,54,2,13,4,537
20260121,54,4,3,2,259
20260121,54,4,13,4,546
20260121,54,5,3,1,214
20260121,55,2,13,2,271
20260121,55,3,13,1,118
20260121,55,4,3,1,121
20260121,55,4,13,3,398
20260121,55,5,3,2,516
20260121,55,5,13,1,257
20260121,56,2,3,1,130
20260121,56,4,3,4,527
20260121,56,5,10,1,266
20260121,57,3,3,1,120
20260121,57,4,3,2,273
20260121,58,2,3,3,436
20260121,58,3,3,4,513
20260121,59,2,3,3,408
20260121,59,4,3,1,151
20260121,60,3,10,1,123
20260121,60,5,10,1,216
20260121,64,2,0,1,145
20260121,64,2,14,1,146
20260121,64,3,14,1,136
20260121,64,4,14,1,152
20260121,64,5,14,1,210
20260121,65,3,14,1,124
20260121,65,4,0,2,280
20260121,66,2,14,2,280
20260121,66,4,14,1,141
20260121,66,5,14,1,262
20260121,68,2,4,1,153
20260121,68,3,4,2,248
20260121,68,4,4,1,124
20260121,68,5,4,1,233
20260121,68,5,14,1,237
20260121,69,2,4,1,123
20260121,69,2,14,1,136
20260121,69,3,4,1,134
20260121,69,4,4,2,277
20260121,69,4,14,2,260
20260121,69,5,4,1,225
20260121,70,2,4,1,149
20260121,70,3,4,1,145
20260121,70,4,4,1,150
20260121,70,4,14,1,150
20260121,70,5,14,1,260
20260121,71,2,4,4,569
20260121,71,4,14,1,139
20260121,71,5,4,1,254
20260121,72,2,4,4,546
20260121,72,4,4,1,134
20260121,73,5,4,1,237
20260121,74,4,4,2,255
20260121,74,5,4,1,216
20260121,74,5,10,1,267
20260121,75,2,4,2,265
20260121,75,5,4,1,241
20260121,78,2,15,1,147
20260121,78,3,15,1,128
20260121,79,5,15,1,212
20260121,80,2,15,3,422
20260121,80,4,15,1,128
20260121,81,2,0,1,130
20260121,81,4,15,2,272
20260121,81,5,0,2,510
20260121,81,5,15,1,217
20260121,82,2,5,3,415
20260121,82,2,15,2,274
20260121,82,3,5,1,135
20260121,82,4,5,1,147
20260121,82,5,5,1,243
20260121,82,5,15,1,241
20260121,83,2,15,1,151
20260121,83,3,15,2,251
20260121,83,5,5,1,274
20260121,83,5,15,1,241
20260121,84,3,5,1,115
20260121,84,4,5,2,297
20260121,85,3,5,3,380
20260121,85,4,5,1,136
20260121,85,5,5,1,262
20260121,85,5,10,1,273
20260121,86,2,5,1,144
20260121,86,4,5,1,150
20260121,87,2,5,3,454
20260121,87,2,10,1,138
20260121,87,4,5,2,270
20260121,87,5,5,1,249
20260122,22,2,11,1,150
20260122,22,3,11,1,128
20260122,22,4,11,2,302
20260122,22,5,11,1,258
20260122,23,4,11,1,144
20260122,23,5,11,2,510
20260122,24,2,11,1,128
20260122,24,3,0,1,149
20260122,24,4,11,3,443
20260122,25,4,11,1,142
20260122,25,5,11,2,522
20260122,26,2,11,2,274
20260122,26,3,11,2,270
20260122,26,5,1,1,230
20260122,26,5,11,1,287
20260122,27,2,1,1,156
20260122,27,4,1,3,438
20260122,28,2,11,2,288
20260122,28,4,11,7,1014
20260122,28,5,11,1,230
20260122,29,2,1,2,302
20260122,29,2,11,1,152
20260122,29,3,11,1,122
20260122,29,5,11,1,288
20260122,30,2,1,2,301
20260122,30,3,1,1,125
20260122,30,4,1,1,151
20260122,30,5,1,1,231
20260122,31,2,1,1,131
20260122,31,2,10,1,159
20260122,31,3,1,1,129
20260122,32,3,10,1,152
20260122,32,5,1,1,279
20260122,33,2,1,1,132
20260122,33,3,1,1,144
20260122,33,4,1,2,284
20260122,34,2,10,1,147
20260122,34,4,10,1,155
20260122,36,4,10,1,158
20260122,37,3,10,1,124
20260122,38,3,12,1,135
20260122,38,4,12,2,278
20260122,38,5,12,1,232
20260122,39,2,12,2,286
20260122,39,3,0,1,148
20260122,39,4,12,1,132
20260122,39,5,12,2,516
20260122,40,2,12,1,159
20260122,40,3,12,2,258
20260122,40,4,12,2,305
20260122,41,2,0,1,133
20260122,42,3,12,1,128
20260122,42,4,2,1,161
20260122,42,4,12,3,425
20260122,42,5,12,1,279
20260122,43,2,12,1,158
20260122,43,3,2,1,144
20260122,43,3,12,3,416
20260122,43,4,2,4,584
20260122,43,4,12,1,128
20260122,43,5,2,2,537
20260122,44,2,2,2,271
20260122,44,3,2,2,247
20260122,44,4,2,1,156
20260122,44,5,2,2,506
20260122,45,2,2,3,440
20260122,45,3,2,3,432
20260122,45,4,2,1,155
20260122,46,2,2,2,308
20260122,46,3,2,1,136
20260122,46,4,2,3,456
20260122,46,5,2,2,556
20260122,47,3,2,2,296
20260122,47,5,2,2,457
20260122,49,2,10,1,135
20260122,50,3,13,1,142
20260122,50,4,13,2,294
20260122,51,2,13,2,271
20260122,51,3,13,1,130
20260122,51,4,13,1,151
20260122,51,5,13,2,554
20260122,52,2,13,2,303
20260122,52,3,13,1,148
20260122,52,4,13,2,295
20260122,52,5,13,1,267
20260122,53,4,0,2,273
20260122,53,4,13,3,415
20260122,53,5,13,1,224
20260122,54,2,3,3,480
20260122,54,2,13,2,310
20260122,54,4,3,1,129
20260122,54,4,13,1,139
20260122,54,5,3,1,260
20260122,55,2,3,1,135
20260122,55,2,13,2,299
20260122,55,3,3,1,129
20260122,55,3,13,1,144
20260122,55,4,3,6,916
20260122,55,4,13,2,280
20260122,57,2,3,3,442
20260122,57,2,10,1,144
20260122,57,3,10,1,128
20260122,58,2,3,2,292
20260122,58,3,3,2,277
20260122,58,4,3,1,153
20260122,59,2,3,1,143
20260122,59,4,3,3,433
20260122,62,5,10,1,233
20260122,65,2,14,1,154
20260122,65,3,14,1,127
20260122,65,4,14,2,296
20260122,66,3,14,1,122
20260122,66,4,14,2,277
20260122,66,5,14,1,280
20260122,67,2,14,1,150
20260122,67,3,14,1,148
20260122,67,4,0,1,141
20260122,67,4,14,3,422
20260122,67,5,0,1,232
20260122,67,5,14,1,287
20260122,68,2,4,4,585
20260122,68,3,14,1,129
20260122,68,4,14,1,144
20260122,69,3,4,1,135
20260122,69,4,4,1,142
20260122,70,2,4,1,129
20260122,70,2,14,1,147
20260122,70,3,4,2,254
20260122,70,3,14,2,269
20260122,70,4,4,2,301
20260122,70,4,14,2,307
20260122,71,2,4,2,276
20260122,71,2,14,1,133
20260122,71,3,4,1,137
20260122,71,4,4,1,146
20260122,71,4,14,1,154
20260122,72,2,4,1,150
20260122,72,4,4,1,159
20260122,72,5,4,1,258
20260122,73,5,4,1,234
20260122,74,2,4,2,269
20260122,74,3,4,1,144
20260122,74,3,10,1,135
20260122,74,4,4,2,280
20260122,74,5,4,1,230
20260122,75,2,4,2,281
20260122,75,4,4,5,697
20260122,77,3,0,1,127
20260122,77,3,10,1,123
20260122,78,2,15,4,540
20260122,78,3,15,1,152
20260122,78,4,15,1,130
20260122,79,3,15,1,131
20260122,79,4,15,1,147
20260122,80,2,15,2,309
20260122,80,3,15,1,129
20260122,80,4,15,3,465
20260122,80,5,15,2,554
20260122,81,3,15,3,416
20260122,81,4,15,1,144
20260122,81,5,15,1,246
20260122,82,2,5,2,277
20260122,82,2,15,1,132
20260122,82,3,5,2,273
20260122,82,3,15,1,150
20260122,82,4,15,3,412
20260122,82,5,5,2,540
20260122,82,5,15,1,271
20260122,83,2,5,1,153
20260122,83,3,15,1,148
20260122,83,4,15,1,128
20260122,84,2,5,3,440
20260122,84,2,10,1,132
20260122,84,3,5,1,135
20260122,84,4,5,1,156
20260122,84,4,10,1,151
20260122,84,5,5,1,244
20260122,85,2,5,1,152
20260122,85,3,5,1,150
20260122,85,4,5,3,435
20260122,85,5,5,1,225
20260122,86,2,5,1,139
20260122,86,4,5,1,128
20260122,87,2,5,2,297
20260122,87,2,10,1,136
20260122,87,4,5,1,136
20260122,88,5,10,1,256
20260122,91,4,0,1,159
20260123,22,4,11,1,156
20260123,22,5,11,2,508
20260123,23,2,11,1,143
20260123,23,4,11,2,312
20260123,24,2,11,1,147
20260123,24,3,11,3,427
20260123,25,2,0,1,162
20260123,25,2,11,2,320
20260123,25,3,11,2,279
20260123,25,4,11,1,142
20260123,25,5,11,2,547
20260123,26,2,1,3,490
20260123,26,2,11,1,166
20260123,26,3,1,1,132
20260123,26,3,11,1,157
20260123,26,4,1,1,158
20260123,26,4,11,2,311
20260123,26,5,11,1,241
20260123,27,2,11,2,305
20260123,27,5,1,1,286
20260123,28,2,1,2,282
20260123,28,2,11,1,140
20260123,28,3,1,2,302
20260123,28,3,11,1,137
20260123,28,4,1,3,463
20260123,28,5,1,1,257
20260123,28,5,11,2,557
20260123,29,2,1,2,331
20260123,29,2,11,2,305
20260123,29,3,1,2,299
20260123,29,4,1,1,148
20260123,29,4,11,1,155
20260123,29,5,1,1,274
20260123,30,2,1,1,145
20260123,30,4,1,1,173
20260123,30,5,1,2,554
20260123,31,2,1,1,151
20260123,31,5,1,1,248
20260123,32,2,1,2,318
20260123,32,4,1,3,451
20260123,33,2,1,2,338
20260123,33,3,1,2,276
20260123,33,4,1,2,314
20260123,36,3,0,1,134
20260123,38,2,12,1,162
20260123,38,3,0,1,149
20260123,38,3,12,2,283
20260123,38,4,12,1,166
20260123,38,5,12,1,290
20260123,39,2,12,1,142
20260123,39,3,12,2,286
20260123,39,4,12,3,447
20260123,39,5,0,1,251
20260123,40,2,12,1,162
20260123,40,3,12,3,486
20260123,40,4,12,2,300
20260123,40,5,12,2,514
20260123,41,3,12,1,137
20260123,41,4,12,2,316
20260123,41,5,12,4,1138
20260123,42,2,12,2,307
20260123,42,3,2,2,300
20260123,42,4,2,1,156
20260123,42,4,12,1,149
20260123,42,5,2,1,287
20260123,43,2,2,2,309
20260123,43,2,12,1,143
20260123,43,3,2,1,130
20260123,43,4,2,4,618
20260123,43,4,12,1,166
20260123,44,2,2,1,162
20260123,44,3,2,1,145
20260123,44,5,2,2,524
20260123,46,2,10,1,169
20260123,46,3,2,2,304
20260123,46,4,2,1,156
20260123,46,5,10,1,243
20260123,47,2,2,3,439
20260123,47,3,2,2,289
20260123,47,4,2,4,612
20260123,47,5,2,1,241
20260123,49,5,10,1,289
20260123,50,4,13,1,154
20260123,51,2,13,2,297
20260123,51,3,13,1,163
20260123,51,5,13,1,270
20260123,52,2,13,2,292
20260123,53,2,13,2,338
20260123,53,4,13,2,280
20260123,53,5,13,1,244
20260123,54,2,3,1,149
20260123,54,3,13,1,142
20260123,54,4,3,2,311
20260123,54,4,13,2,340
20260123,54,5,13,1,268
20260123,55,2,3,2,294
20260123,55,2,13,3,485
20260123,55,3,3,3,461
20260123,55,4,3,1,143
20260123,55,4,13,2,332
20260123,55,5,3,1,277
20260123,55,5,13,1,255
20260123,56,2,3,2,306
20260123,56,5,10,1,246
20260123,57,4,3,3,458
20260123,57,5,10,1,260
20260123,58,2,3,1,161
20260123,58,3,3,1,156
20260123,59,4,3,1,162
20260123,59,4,10,1,152
20260123,63,2,10,1,153
20260123,63,4,10,1,142
20260123,64,2,14,3,480
20260123,64,4,14,1,162
20260123,64,5,0,2,502
20260123,64,5,14,3,864
20260123,65,5,0,2,514
20260123,65,5,14,1,295
20260123,66,3,14,1,140
20260123,66,4,0,1,167
20260123,66,5,14,1,290
20260123,67,2,14,2,331
20260123,67,3,14,1,162
20260123,67,4,14,4,620
20260123,68,2,4,2,312
20260123,68,2,14,2,298
20260123,68,3,4,1,154
20260123,68,4,4,2,344
20260123,69,2,4,2,321
20260123,69,3,4,1,146
20260123,69,4,4,1,155
20260123,69,4,14,2,319
20260123,70,2,4,1,156
20260123,70,2,14,3,474
20260123,70,3,14,2,296
20260123,70,4,4,2,308
20260123,70,4,14,2,313
20260123,70,5,4,2,579
20260123,71,2,4,1,155
20260123,71,2,14,1,157
20260123,71,4,14,1,153
20260123,71,5,14,1,244
20260123,72,2,4,2,315
20260123,72,4,4,2,317
20260123,73,2,4,1,138
20260123,73,2,10,1,140
20260123,73,3,4,1,135
20260123,73,4,4,3,433
20260123,73,4,10,1,162
20260123,73,5,4,1,311
20260123,74,5,4,1,273
20260123,75,2,4,2,309
20260123,75,3,4,1,162
20260123,75,3,10,1,129
20260123,75,4,4,1,160
20260123,76,4,0,1,164
20260123,78,2,15,2,324
20260123,78,3,15,1,129
20260123,79,2,15,4,651
20260123,79,3,15,2,296
20260123,80,2,15,2,304
20260123,80,3,15,1,163
20260123,80,4,15,1,167
20260123,80,5,0,1,272
20260123,80,5,15,1,308
20260123,81,3,15,1,163
20260123,81,4,15,2,297
20260123,81,5,0,1,272
20260123,82,2,5,5,733
20260123,82,2,15,2,316
20260123,82,3,5,2,296
20260123,82,3,15,1,138
20260123,82,4,5,1,162
20260123,82,4,15,2,331
20260123,82,5,5,2,618
20260123,83,2,15,2,342
20260123,83,3,5,3,435
20260123,83,4,5,1,151
20260123,83,4,15,1,146
20260123,83,5,5,1,243
20260123,84,2,5,1,140
20260123,84,2,10,1,140
20260123,85,2,5,2,317
20260123,85,4,5,3,456
20260123,86,2,5,2,322
20260123,86,3,5,1,133
20260123,86,4,5,2,294
20260123,86,5,5,1,254
20260123,87,2,5,1,150
20260123,87,4,5,1,161
20260124,22,4,11,1,133
20260124,22,5,11,1,201
20260124,23,2,11,1,124
20260124,23,4,11,1,136
20260124,24,2,11,2,263
20260124,24,3,11,3,331
20260124,25,2,11,1,118
20260124,25,3,11,3,352
20260124,25,5,11,1,228
20260124,26,2,1,1,129
20260124,26,2,11,2,250
20260124,26,5,1,1,243
20260124,26,5,11,1,193
20260124,27,2,1,1,133
20260124,27,2,11,2,236
20260124,27,4,1,1,120
20260124,27,5,1,2,427
20260124,27,5,11,1,223
20260124,28,2,1,1,131
20260124,28,4,1,2,243
20260124,28,5,1,1,210
20260124,28,5,11,1,213
20260124,29,2,1,2,260
20260124,29,3,1,1,115
20260124,29,3,11,1,109
20260124,29,5,1,1,199
20260124,29,5,11,1,227
20260124,30,2,1,1,134
20260124,31,2,1,3,385
20260124,31,5,1,2,446
20260124,32,2,1,1,113
20260124,32,3,10,1,129
20260124,32,4,1,3,371
20260124,32,5,1,1,191
20260124,33,2,1,2,225
20260124,33,3,1,1,122
20260124,34,4,10,1,116
20260124,34,5,10,1,199
20260124,35,2,10,1,112
20260124,35,5,0,1,225
20260124,36,2,10,1,119
20260124,38,2,12,1,117
20260124,38,4,0,2,271
20260124,38,5,0,1,223
20260124,38,5,12,1,219
20260124,39,2,12,1,125
20260124,39,3,12,1,129
20260124,39,4,12,1,123
20260124,39,5,0,2,440
20260124,40,3,12,1,127
20260124,40,4,12,4,484
20260124,40,5,12,1,228
20260124,41,2,12,1,124
20260124,41,4,12,4,477
20260124,41,5,12,2,454
20260124,42,2,2,1,136
20260124,42,2,12,2,260
20260124,42,3,12,2,246
20260124,42,4,2,1,110
20260124,42,4,12,2,250
20260124,43,2,2,1,132
20260124,43,2,12,2,248
20260124,43,3,2,1,129
20260124,43,3,12,4,487
20260124,43,4,2,1,118
20260124,43,4,12,4,460
20260124,43,5,12,2,384
20260124,44,2,2,3,383
20260124,44,2,10,1,113
20260124,44,3,2,1,122
20260124,44,5,2,2,451
20260124,45,2,2,1,123
20260124,45,3,2,2,244
20260124,45,4,2,2,244
20260124,46,2,2,2,240
20260124,46,3,2,2,222
20260124,46,4,2,1,108
20260124,46,5,2,1,231
20260124,47,2,2,2,241
20260124,47,3,2,1,124
20260124,47,4,2,3,375
20260124,48,2,10,1,137
20260124,48,4,10,1,131
20260124,50,2,13,1,126
20260124,50,4,13,1,114
20260124,51,3,13,3,346
20260124,52,4,13,1,111
20260124,53,2,13,1,125
20260124,53,4,13,2,243
20260124,53,5,13,1,233
20260124,54,2,3,4,487
20260124,54,3,3,1,102
20260124,54,3,13,2,232
20260124,54,4,3,2,261
20260124,54,5,13,1,223
20260124,55,2,13,1,109
20260124,55,3,3,2,237
20260124,55,3,13,1,101
20260124,55,4,3,1,135
20260124,55,4,13,1,136
20260124,55,5,3,1,194
20260124,56,4,3,1,120
20260124,56,4,10,1,129
20260124,56,5,3,3,668
20260124,57,3,10,1,113
20260124,57,5,10,1,195
20260124,58,3,3,1,108
20260124,58,5,3,2,470
20260124,59,2,3,2,242
20260124,59,3,10,1,103
20260124,59,4,3,1,134
20260124,59,5,3,1,228
20260124,60,3,0,1,124
20260124,62,4,10,1,115
20260124,63,2,0,1,112
20260124,63,5,0,1,225
20260124,64,2,14,1,112
20260124,64,3,14,3,355
20260124,64,4,14,1,126
20260124,65,3,14,4,458
20260124,65,4,14,1,133
20260124,65,5,14,1,241
20260124,66,2,0,1,115
20260124,66,3,14,1,129
20260124,66,5,14,3,686
20260124,67,2,14,2,242
20260124,67,3,14,2,239
20260124,67,5,14,1,197
20260124,68,2,4,2,234
20260124,68,3,14,2,242
20260124,68,4,4,2,237
20260124,68,5,4,2,434
20260124,68,5,14,1,241
20260124,69,2,4,1,112
20260124,69,2,14,1,113
20260124,69,3,4,3,349
20260124,69,3,14,1,111
20260124,69,4,4,5,615
20260124,69,4,14,2,247
20260124,69,5,4,1,223
20260124,69,5,14,3,663
20260124,70,3,4,1,101
20260124,70,3,14,3,337
20260124,70,4,4,1,108
20260124,70,5,4,1,195
20260124,71,2,14,1,131
20260124,71,4,4,1,136
20260124,71,4,14,1,112
20260124,72,2,4,1,129
20260124,72,3,4,1,111
20260124,72,4,4,3,359
20260124,73,2,4,1,112
20260124,73,3,4,2,245
20260124,73,4,4,2,265
20260124,73,4,10,1,123
20260124,74,2,4,3,336
20260124,74,3,4,1,111
20260124,74,4,10,1,124
20260124,74,5,4,1,212
20260124,75,2,4,1,122
20260124,75,3,4,1,103
20260124,75,4,4,1,137
20260124,76,3,0,1,101
20260124,77,4,0,1,111
20260124,78,2,15,3,345
20260124,78,4,15,2,268
20260124,79,4,15,2,233
20260124,79,5,15,1,236
20260124,80,2,15,3,362
20260124,80,3,15,1,109
20260124,80,4,15,2,229
20260124,80,5,15,1,230
20260124,81,2,15,2,238
20260124,81,3,15,2,235
20260124,81,4,15,1,116
20260124,82,2,5,2,242
20260124,82,2,15,2,231
20260124,82,4,5,2,219
20260124,82,4,15,1,124
20260124,82,5,5,2,420
20260124,83,2,5,1,119
20260124,83,3,5,2,230
20260124,83,3,15,1,113
20260124,83,4,15,1,127
20260124,83,5,5,1,229
20260124,83,5,15,2,461
20260124,84,2,10,1,124
20260124,84,3,5,2,208
20260124,84,5,5,1,194
20260124,85,2,5,2,255
20260124,85,3,5,1,121
20260124,85,4,5,2,254
20260124,86,4,5,4,509
20260124,86,5,5,2,451
20260124,87,2,5,2,246
20260124,87,3,10,1,104
20260124,87,4,5,1,114
20260124,87,5,5,1,219
20260124,87,5,10,1,200
20260124,88,3,0,1,115
20260124,88,5,0,1,217
20260124,89,4,10,1,109
20260125,23,3,11,2,304
20260125,23,5,11,1,294
20260125,24,2,11,2,330
20260125,25,2,11,2,284
20260125,26,2,1,1,152
20260125,26,2,11,1,134
20260125,26,3,1,3,446
20260125,26,4,1,1,136
20260125,27,2,1,1,158
20260125,27,2,11,3,436
20260125,27,3,11,2,281
20260125,27,4,11,2,330
20260125,27,5,11,1,246
20260125,28,2,11,1,160
20260125,28,3,11,1,138
20260125,28,5,1,2,563
20260125,28,5,11,1,281
20260125,29,2,1,2,301
20260125,29,3,1,1,141
20260125,29,3,11,2,271
20260125,29,5,11,1,245
20260125,30,4,1,2,318
20260125,30,5,1,2,602
20260125,31,2,1,1,134
20260125,31,3,1,1,133
20260125,31,4,1,1,148
20260125,31,5,1,1,281
20260125,32,2,1,2,288
20260125,33,2,1,1,162
20260125,33,4,1,1,142
20260125,33,5,1,1,270
20260125,34,2,10,1,143
20260125,35,2,10,1,166
20260125,36,2,10,1,159
20260125,36,4,0,1,143
20260125,37,2,0,1,146
20260125,37,3,10,1,137
20260125,38,2,0,1,163
20260125,38,2,12,1,151
20260125,38,3,12,2,284
20260125,38,4,12,2,301
20260125,38,5,12,2,532
20260125,39,2,12,2,296
20260125,39,3,12,1,154
20260125,39,4,12,1,152
20260125,39,5,0,1,236
20260125,40,2,12,1,140
20260125,40,3,12,2,282
20260125,41,2,12,3,472
20260125,41,3,0,2,290
20260125,41,3,12,1,154
20260125,41,4,12,3,473
20260125,41,5,12,1,256
20260125,42,2,2,2,331
20260125,42,3,2,2,266
20260125,42,3,12,1,140
20260125,42,4,2,1,169
20260125,42,5,12,2,521
20260125,43,2,2,1,156
20260125,43,2,12,1,145
20260125,43,3,12,1,140
20260125,43,4,12,1,160
20260125,44,2,2,2,297
20260125,44,4,2,2,313
20260125,44,5,2,1,277
20260125,45,4,2,2,313
20260125,45,5,2,1,256
20260125,46,2,2,1,162
20260125,46,3,2,1,131
20260125,46,4,2,2,295
20260125,46,5,2,1,265
20260125,47,2,2,2,316
20260125,47,3,2,1,128
20260125,47,4,2,2,281
20260125,49,2,10,1,134
20260125,50,2,13,1,136
20260125,50,4,13,1,162
20260125,51,2,13,1,169
20260125,51,3,13,1,148
20260125,51,4,13,2,307
20260125,51,5,13,2,576
20260125,52,2,13,2,307
20260125,52,4,13,3,435
20260125,53,2,13,2,305
20260125,53,3,13,2,278
20260125,53,4,13,2,337
20260125,53,5,13,2,520
20260125,54,2,3,2,320
20260125,54,2,13,4,647
20260125,54,3,3,1,145
20260125,54,3,13,2,296
20260125,54,4,3,2,305
20260125,54,4,13,4,607
20260125,54,5,3,2,538
20260125,55,3,3,2,287
20260125,55,4,13,2,305
20260125,56,2,3,2,303
20260125,56,3,3,1,140
20260125,56,5,3,3,797
20260125,57,3,3,1,155
20260125,57,4,3,2,299
20260125,57,5,3,1,249
20260125,58,2,3,1,139
20260125,58,3,3,1,135
20260125,58,4,3,1,150
20260125,58,4,10,1,145
20260125,58,5,10,1,287
20260125,59,4,3,2,289
20260125,61,2,10,1,150
20260125,61,3,0,1,134
20260125,63,2,10,1,162
20260125,63,5,10,1,246
20260125,64,2,14,2,314
20260125,64,4,0,1,150
20260125,65,4,14,1,156
20260125,66,2,14,1,140
20260125,66,3,14,1,145
20260125,67,2,14,1,147
20260125,67,3,14,1,148
20260125,68,2,4,2,300
20260125,68,2,14,1,135
20260125,68,4,14,2,293
20260125,68,5,4,2,571
20260125,68,5,14,1,303
20260125,69,2,4,2,321
20260125,69,2,14,3,479
20260125,69,3,14,1,160
20260125,69,5,4,1,263
20260125,70,2,4,2,292
20260125,70,3,4,1,131
20260125,70,3,14,1,125
20260125,71,2,4,1,157
20260125,71,3,4,2,306
20260125,71,3,14,1,149
20260125,71,4,14,1,141
20260125,71,5,14,2,548
20260125,72,2,4,1,138
20260125,72,3,4,3,438
20260125,73,2,4,1,137
20260125,73,3,4,1,153
20260125,74,3,4,1,133
20260125,74,5,4,1,233
20260125,75,2,10,1,141
20260125,75,3,4,1,156
20260125,75,5,4,1,257
20260125,75,5,10,1,245
20260125,76,4,0,1,152
20260125,76,5,0,1,250
20260125,78,2,15,1,140
20260125,78,3,15,1,129
20260125,78,4,15,2,328
20260125,78,5,15,3,854
20260125,79,2,15,1,150
20260125,79,3,15,1,143
20260125,79,4,15,3,446
20260125,79,5,15,2,509
20260125,80,2,15,3,425
20260125,80,3,15,1,134
20260125,80,4,15,2,304
20260125,80,5,15,1,267
20260125,81,2,15,1,167
20260125,81,3,0,1,143
20260125,81,3,15,1,142
20260125,81,4,15,3,422
20260125,81,5,15,2,593
20260125,82,2,5,3,477
20260125,82,2,15,1,157
20260125,82,3,5,5,718
20260125,82,3,15,1,139
20260125,82,4,5,1,150
20260125,82,4,15,2,311
20260125,82,5,15,1,291
20260125,83,2,5,1,137
20260125,83,3,5,1,134
20260125,83,3,15,2,300
20260125,83,4,5,2,323
20260125,83,4,15,1,137
20260125,83,5,5,1,237
20260125,84,2,5,3,439
20260125,84,3,5,1,154
20260125,85,3,5,1,132
20260125,85,4,5,1,139
20260125,85,5,5,1,303
20260125,86,2,5,1,164
20260125,86,5,5,2,580
20260125,87,2,5,1,153
20260125,87,3,5,2,301
20260125,87,4,5,3,421
20260125,87,5,5,1,250
20260125,88,4,10,1,154
20260125,90,5,0,1,299
20260126,22,2,11,1,161
20260126,22,4,11,1,133
20260126,23,5,11,1,240
20260126,24,3,0,1,147
20260126,24,3,11,1,144
20260126,24,4,11,2,288
20260126,25,2,0,1,161
20260126,25,2,11,1,128
20260126,25,5,11,1,266
20260126,26,2,1,1,146
20260126,26,2,11,1,157
20260126,26,3,11,2,257
20260126,26,4,11,2,291
20260126,26,5,1,1,257
20260126,27,2,1,3,386
20260126,27,3,1,1,138
20260126,27,3,11,1,144
20260126,27,4,1,4,574
20260126,28,2,11,1,134
20260126,28,3,11,1,122
20260126,28,4,1,2,290
20260126,28,4,11,1,148
20260126,28,5,1,1,246
20260126,29,2,1,1,152
20260126,29,2,11,1,137
20260126,29,3,11,2,274
20260126,29,4,1,1,133
20260126,29,4,11,3,435
20260126,29,5,1,1,235
20260126,30,4,1,1,147
20260126,31,4,1,4,562
20260126,31,4,10,1,145
20260126,32,3,1,1,137
20260126,32,4,1,2,294
20260126,32,5,1,1,282
20260126,33,3,1,1,134
20260126,33,4,1,3,414
20260126,34,2,0,1,139
20260126,34,3,0,1,128
20260126,36,5,10,1,278
20260126,38,2,12,4,586
20260126,38,4,12,2,283
20260126,38,5,12,1,251
20260126,39,4,12,3,418
20260126,40,2,12,1,159
20260126,40,3,12,1,144
20260126,40,4,12,2,270
20260126,40,5,12,1,258
20260126,41,2,12,1,148
20260126,41,5,12,1,269
20260126,42,2,2,1,133
20260126,42,2,12,1,134
20260126,42,3,12,1,127
20260126,42,4,2,5,724
20260126,42,4,12,2,287
20260126,42,5,2,1,252
20260126,42,5,12,2,490
20260126,43,4,2,1,132
20260126,43,4,12,2,268
20260126,44,2,2,1,132
20260126,44,3,2,2,270
20260126,44,4,2,3,416
20260126,44,5,2,1,253
20260126,45,2,2,1,145
20260126,45,3,2,2,281
20260126,45,4,2,2,285
20260126,46,2,2,1,144
20260126,47,2,2,1,146
20260126,47,4,2,2,293
20260126,48,4,0,1,129
20260126,49,4,10,1,151
20260126,49,5,10,1,233
20260126,50,2,13,1,147
20260126,50,4,0,1,137
20260126,50,4,13,2,293
20260126,50,5,13,1,231
20260126,51,4,13,1,132
20260126,52,2,13,3,414
20260126,53,2,13,1,155
20260126,53,3,13,2,271
20260126,53,4,13,1,145
20260126,53,5,13,2,524
20260126,54,2,13,3,465
20260126,54,3,13,2,294
20260126,54,4,3,4,566
20260126,54,4,13,1,142
20260126,54,5,3,1,261
20260126,54,5,13,1,250
20260126,55,2,3,1,155
20260126,55,2,13,1,149
20260126,55,3,3,1,147
20260126,55,3,13,1,142
20260126,55,4,3,1,134
20260126,55,4,13,1,140
20260126,55,5,3,2,520
20260126,55,5,13,2,471
20260126,56,3,3,1,137
20260126,57,2,3,2,291
20260126,57,3,3,1,143
20260126,57,3,10,1,142
20260126,57,4,10,2,284
20260126,58,4,3,1,143
20260126,58,4,10,1,144
20260126,59,3,3,1,127
20260126,61,2,0,1,129
20260126,61,4,0,1,142
20260126,62,2,10,1,155
20260126,64,2,14,2,283
20260126,64,3,14,1,135
20260126,64,5,14,2,493
20260126,65,2,14,1,133
20260126,65,3,14,1,144
20260126,65,4,14,2,288
20260126,66,2,14,1,133
20260126,66,3,14,1,144
20260126,67,2,14,2,277
20260126,67,3,14,2,275
20260126,67,4,14,1,156
20260126,67,5,14,1,241
20260126,68,2,4,3,443
20260126,68,3,4,1,139
20260126,68,3,14,1,146
20260126,68,4,4,2,297
20260126,68,4,14,2,272
20260126,68,5,14,1,266
20260126,69,3,14,2,268
20260126,69,4,4,1,135
20260126,69,5,4,2,477
20260126,69,5,14,2,509
20260126,70,2,14,2,277
20260126,70,3,4,2,273
20260126,70,4,14,2,290
20260126,70,5,4,2,564
20260126,71,4,4,3,417
20260126,71,5,4,3,764
20260126,72,2,4,2,283
20260126,72,3,4,1,127
20260126,73,2,4,2,259
20260126,73,3,4,1,131
20260126,73,5,4,2,559
20260126,74,2,4,1,128
20260126,74,3,4,1,127
20260126,74,4,4,2,280
20260126,75,2,4,2,292
20260126,78,2,15,1,160
20260126,78,4,15,1,161
20260126,78,5,15,1,225
20260126,79,3,15,1,129
20260126,79,4,0,1,150
20260126,79,4,15,1,161
20260126,80,2,15,1,159
20260126,80,3,0,1,122
20260126,80,4,15,1,138
20260126,80,5,15,1,284
20260126,81,2,15,2,268
20260126,81,3,15,1,128
20260126,81,4,0,1,150
20260126,81,5,15,1,244
20260126,82,2,5,2,287
20260126,82,2,15,4,614
20260126,82,4,5,1,144
20260126,82,4,15,2,293
20260126,82,5,5,1,266
20260126,83,2,5,3,427
20260126,83,2,15,2,307
20260126,83,3,5,1,126
20260126,83,4,5,1,135
20260126,83,4,15,2,311
20260126,83,5,5,2,508
20260126,83,5,15,1,222
20260126,84,2,5,1,134
20260126,84,4,5,1,136
20260126,85,2,10,1,145
20260126,85,3,5,1,150
20260126,85,4,5,1,132
20260126,85,5,5,1,246
20260126,86,2,5,1,148
20260126,87,2,5,1,146
20260126,87,3,5,1,147
20260126,87,3,10,1,148
20260126,87,4,5,2,310
20260126,88,2,10,1,134
20260126,88,4,10,1,141
20260126,89,2,10,2,279
20260126,89,3,10,1,130
20260126,90,4,10,1,128
20260127,22,3,11,1,119
20260127,22,4,11,2,267
20260127,23,3,11,1,117
20260127,23,4,11,1,126
20260127,24,3,11,2,252
20260127,24,4,0,1,145
20260127,24,4,11,2,275
20260127,24,5,11,1,259
20260127,25,2,11,1,119
20260127,25,3,11,1,139
20260127,25,4,11,2,282
20260127,26,3,11,3,389
20260127,26,4,11,1,130
20260127,26,5,11,1,223
20260127,27,2,1,1,121
20260127,27,2,11,3,412
20260127,27,3,11,1,140
20260127,27,4,11,2,267
20260127,27,5,11,1,206
20260127,28,2,1,1,122
20260127,28,2,11,2,258
20260127,28,3,1,1,133
20260127,28,3,11,2,254
20260127,28,4,11,1,130
20260127,29,2,11,1,137
20260127,29,4,1,1,119
20260127,30,2,1,1,123
20260127,30,3,1,1,123
20260127,30,5,1,1,258
20260127,31,3,1,1,115
20260127,32,2,1,1,149
20260127,32,4,1,3,412
20260127,32,5,1,1,242
20260127,33,4,1,1,139
20260127,33,5,1,1,243
20260127,34,3,0,1,123
20260127,35,3,0,1,125
20260127,36,2,0,1,148
20260127,38,2,0,1,130
20260127,38,4,12,1,126
20260127,38,5,12,2,511
20260127,39,2,0,1,141
20260127,39,2,12,2,260
20260127,39,3,12,3,361
20260127,39,4,12,1,123
20260127,40,3,12,1,123
20260127,40,4,12,1,129
20260127,41,2,12,2,283
20260127,41,3,12,1,132
20260127,41,4,12,3,418
20260127,41,5,12,1,236
20260127,42,2,12,1,128
20260127,42,3,12,3,380
20260127,42,4,2,1,126
20260127,42,4,12,2,276
20260127,42,5,2,1,231
20260127,43,2,2,2,260
20260127,43,3,2,2,249
20260127,43,3,12,2,251
20260127,43,4,2,1,143
20260127,43,4,12,3,400
20260127,43,5,12,1,260
20260127,44,2,2,4,529
20260127,44,2,10,1,138
20260127,44,3,2,1,130
20260127,44,4,2,1,132
20260127,44,5,2,1,250
20260127,45,2,2,1,138
20260127,45,3,2,2,272
20260127,45,5,2,2,459
20260127,46,2,2,1,149
20260127,46,4,2,1,142
20260127,47,2,2,2,266
20260127,47,4,2,2,291
20260127,47,5,2,2,468
20260127,50,2,13,1,128
20260127,50,3,13,2,233
20260127,50,4,13,2,253
20260127,51,2,13,3,380
20260127,51,3,13,1,114
20260127,51,4,13,1,132
20260127,52,2,0,1,145
20260127,52,2,13,1,125
20260127,52,3,13,1,126
20260127,52,4,13,1,132
20260127,52,5,13,1,236
20260127,53,2,13,2,258
20260127,53,3,13,2,254
20260127,53,4,0,1,144
20260127,53,4,13,1,130
20260127,53,5,13,1,213
20260127,54,2,13,1,137
20260127,54,3,13,1,123
20260127,54,4,3,1,123
20260127,54,4,13,3,397
20260127,55,2,3,1,131
20260127,55,3,3,1,130
20260127,55,3,13,1,131
20260127,55,4,3,1,130
20260127,55,4,13,2,262
20260127,55,5,13,1,255
20260127,56,2,3,1,126
20260127,56,3,10,1,134
20260127,56,4,3,2,273
20260127,56,5,3,1,255
20260127,57,2,3,1,141
20260127,57,3,3,1,113
20260127,57,4,3,3,418
20260127,58,2,3,1,143
20260127,58,3,3,1,130
20260127,58,3,10,1,111
20260127,58,5,3,1,232
20260127,59,2,3,1,133
20260127,59,3,3,3,374
20260127,59,5,3,1,236
20260127,62,2,10,1,137
20260127,64,3,14,1,138
20260127,64,4,14,1,131
20260127,65,2,14,1,130
20260127,65,3,14,1,119
20260127,65,4,14,1,119
20260127,65,5,14,1,221
20260127,66,2,14,1,147
20260127,66,5,14,1,250
20260127,67,3,14,1,119
20260127,67,5,0,1,252
20260127,68,2,4,1,132
20260127,68,3,4,3,391
20260127,68,3,14,3,366
20260127,68,4,14,2,277
20260127,68,5,4,1,236
20260127,69,2,4,3,414
20260127,69,3,14,1,130
20260127,69,4,4,1,149
20260127,69,4,14,2,281
20260127,69,5,4,1,243
20260127,70,2,4,1,127
20260127,70,4,4,1,138
20260127,70,4,14,1,139
20260127,70,5,14,3,682
20260127,71,2,14,1,140
20260127,71,3,4,2,261
20260127,71,4,4,2,275
20260127,71,5,14,1,224
20260127,72,2,4,2,266
20260127,72,3,4,1,114
20260127,72,4,4,2,273
20260127,72,5,4,2,468
20260127,73,2,4,1,127
20260127,73,3,4,1,138
20260127,73,4,4,2,280
20260127,73,5,4,1,210
20260127,74,2,4,3,409
20260127,74,3,4,2,257
20260127,75,2,4,1,123
20260127,75,4,4,1,132
20260127,75,5,4,1,260
20260127,78,2,15,1,122
20260127,78,3,0,1,111
20260127,78,3,15,1,121
20260127,78,4,15,2,267
20260127,79,2,15,2,265
20260127,79,3,15,3,362
20260127,79,4,15,1,126
20260127,79,5,15,1,212
20260127,80,2,15,3,420
20260127,81,4,15,2,256
20260127,81,5,15,1,243
20260127,82,2,5,2,295
20260127,82,3,15,2,232
20260127,82,4,5,2,281
20260127,82,5,5,2,470
20260127,82,5,15,1,263
20260127,83,2,5,3,405
20260127,83,2,15,1,130
20260127,83,3,5,1,139
20260127,83,3,15,1,138
20260127,83,4,5,2,239
20260127,83,4,15,1,132
20260127,83,5,5,1,248
20260127,83,5,15,1,251
20260127,84,2,5,2,260
20260127,84,3,5,2,233
20260127,84,4,5,1,148
20260127,84,5,5,1,243
20260127,85,2,5,1,147
20260127,85,2,10,1,149
20260127,85,3,5,1,115
20260127,86,2,5,2,257
20260127,86,3,5,3,396
20260127,86,5,5,1,243
20260127,87,3,5,1,141
20260127,90,4,0,1,135
20260128,22,2,11,1,133
20260128,22,4,11,1,121
20260128,22,5,11,1,237
20260128,24,2,11,1,131
20260128,24,4,11,1,153
20260128,25,2,11,1,142
20260128,25,5,11,1,271
20260128,26,2,1,1,124
20260128,26,2,11,2,255
20260128,26,3,11,3,368
20260128,26,4,11,2,262
20260128,26,5,1,1,258
20260128,27,2,11,1,140
20260128,27,3,11,2,270
20260128,27,4,1,1,130
20260128,27,4,11,1,123
20260128,27,5,11,1,244
20260128,28,2,1,2,289
20260128,28,2,11,1,152
20260128,28,3,1,1,141
20260128,28,4,1,2,298
20260128,28,4,11,1,145
20260128,29,2,1,1,152
20260128,29,2,11,2,247
20260128,29,3,1,1,121
20260128,29,4,1,1,139
20260128,29,4,11,1,122
20260128,29,5,1,1,271
20260128,30,4,1,1,132
20260128,31,2,1,1,130
20260128,31,3,1,1,115
20260128,31,4,1,1,129
20260128,32,2,10,1,149
20260128,32,3,1,2,287
20260128,33,3,1,1,129
20260128,33,4,1,1,148
20260128,33,5,1,1,271
20260128,34,4,10,1,125
20260128,36,3,10,1,119
20260128,38,2,12,1,146
20260128,38,3,12,5,636
20260128,38,4,12,3,401
20260128,38,5,12,1,228
20260128,39,2,12,1,138
20260128,39,3,12,1,141
20260128,39,4,12,2,273
20260128,39,5,12,1,259
20260128,40,2,12,1,130
20260128,40,3,12,2,284
20260128,40,4,12,1,145
20260128,40,5,12,1,272
20260128,41,3,0,1,124
20260128,41,3,12,2,242
20260128,41,4,12,1,147
20260128,41,5,12,1,258
20260128,42,2,2,2,271
20260128,42,4,2,1,132
20260128,42,4,12,4,563
20260128,42,5,2,1,216
20260128,43,2,2,1,135
20260128,43,2,12,1,125
20260128,43,4,2,1,143
20260128,43,4,12,1,122
20260128,43,5,2,1,263
20260128,43,5,12,1,265
20260128,44,2,10,1,145
20260128,44,4,2,2,272
20260128,45,4,2,1,124
20260128,46,3,2,1,136
20260128,46,4,2,1,132
20260128,47,2,2,1,137
20260128,47,4,2,3,428
20260128,48,3,10,2,258
20260128,49,2,0,1,139
20260128,49,4,0,2,281
20260128,49,4,10,1,151
20260128,50,2,13,1,144
20260128,50,4,0,1,131
20260128,50,4,13,1,129
20260128,50,5,13,2,483
20260128,51,2,13,3,416
20260128,51,3,13,2,267
20260128,51,4,13,4,568
20260128,51,5,13,1,264
20260128,52,2,13,1,136
20260128,52,3,13,3,372
20260128,52,4,13,1,129
20260128,52,5,13,3,799
20260128,53,2,0,1,153
20260128,53,2,13,1,140
20260128,53,3,13,1,130
20260128,53,4,13,1,128
20260128,54,2,3,1,145
20260128,54,2,13,1,124
20260128,54,3,3,1,114
20260128,54,3,13,1,127
20260128,54,4,3,1,141
20260128,54,4,13,1,141
20260128,54,5,3,1,240
20260128,55,2,3,1,128
20260128,55,2,13,1,141
20260128,55,3,3,2,266
20260128,55,3,13,3,390
20260128,55,4,13,3,404
20260128,56,2,3,1,144
20260128,56,3,3,1,120
20260128,56,4,3,4,544
20260128,56,5,3,1,252
20260128,57,2,3,1,124
20260128,57,3,3,1,117
20260128,57,4,3,1,130
20260128,57,5,3,1,266
20260128,57,5,10,1,266
20260128,58,3,3,2,262
20260128,58,5,3,1,245
20260128,59,2,3,2,303
20260128,59,3,3,1,131
20260128,59,4,3,2,270
20260128,60,4,0,1,128
20260128,62,4,10,1,150
20260128,63,2,0,1,152
20260128,64,3,14,2,262
20260128,64,5,14,1,210
20260128,65,3,14,1,129
20260128,65,4,14,2,273
20260128,65,5,14,1,259
20260128,66,2,14,2,267
20260128,67,2,14,3,446
20260128,67,4,14,2,256
20260128,68,2,4,2,251
20260128,68,3,14,2,267
20260128,68,4,4,1,127
20260128,68,4,14,1,127
20260128,68,5,4,1,246
20260128,68,5,14,2,530
20260128,69,2,4,1,128
20260128,69,2,14,2,277
20260128,69,4,4,1,129
20260128,70,2,4,1,140
20260128,70,2,14,2,269
20260128,70,3,4,1,132
20260128,70,3,14,1,120
20260128,70,4,14,2,263
20260128,71,2,14,1,128
20260128,71,3,14,1,115
20260128,71,4,4,1,126
20260128,71,4,14,3,413
20260128,72,2,4,1,140
20260128,72,4,10,1,141
20260128,72,5,4,1,214
20260128,73,2,4,1,126
20260128,73,4,10,1,152
20260128,73,5,4,2,460
20260128,74,3,4,1,128
20260128,74,4,10,1,122
20260128,74,5,4,1,241
20260128,75,2,4,1,138
20260128,75,3,4,1,128
20260128,75,3,10,1,115
20260128,75,4,4,1,121
20260128,75,5,4,1,254
20260128,78,2,15,1,138
20260128,78,4,15,2,258
20260128,79,2,15,3,437
20260128,79,3,15,1,136
20260128,79,4,15,1,145
20260128,79,5,15,1,237
20260128,80,3,15,1,138
20260128,80,4,15,2,284
20260128,80,5,15,2,498
20260128,81,2,0,1,141
20260128,81,3,15,1,136
20260128,81,4,15,1,143
20260128,82,2,5,1,125
20260128,82,2,15,2,272
20260128,82,3,5,1,114
20260128,82,3,15,1,120
20260128,82,4,5,1,135
20260128,82,4,15,1,127
20260128,83,2,5,2,280
20260128,83,5,5,2,482
20260128,83,5,15,2,436
20260128,84,2,5,2,273
20260128,84,4,5,4,540
20260128,85,3,10,1,117
20260128,85,4,5,2,295
20260128,85,5,5,2,475
20260128,86,3,5,2,288
20260128,86,4,5,1,130
20260128,87,2,5,1,129
20260128,87,3,5,4,523
20260128,87,5,5,1,212
20260128,89,3,10,1,136
20260128,89,5,10,1,243
20260128,90,3,0,1,126
20260128,90,5,10,1,258
20260129,22,2,11,2,279
20260129,22,5,11,1,273
20260129,23,2,11,1,129
20260129,23,4,11,1,150
20260129,23,5,11,1,258
20260129,24,2,11,1,133
20260129,24,3,11,1,139
20260129,25,2,11,1,134
20260129,25,3,0,1,150
20260129,25,5,11,2,500
20260129,26,2,11,2,306
20260129,26,3,1,1,144
20260129,26,4,1,2,282
20260129,26,5,1,1,264
20260129,26,5,11,1,253
20260129,27,3,1,1,139
20260129,27,3,11,3,413
20260129,27,4,11,2,304
20260129,27,5,1,2,493
20260129,28,2,1,1,157
20260129,28,4,1,1,147
20260129,28,4,11,1,142
20260129,28,5,1,1,258
20260129,29,2,1,5,750
20260129,29,3,1,1,139
20260129,29,4,1,1,135
20260129,29,4,11,1,136
20260129,29,5,1,1,231
20260129,29,5,11,4,1063
20260129,30,2,1,2,314
20260129,30,4,1,1,149
20260129,30,5,1,1,246
20260129,31,2,1,2,298
20260129,31,3,1,2,274
20260129,31,4,1,1,128
20260129,32,4,1,2,293
20260129,33,2,1,4,576
20260129,33,3,1,2,277
20260129,33,5,1,1,252
20260129,36,2,10,1,143
20260129,37,3,0,2,268
20260129,38,3,12,1,137
20260129,38,4,12,2,294
20260129,38,5,12,1,240
20260129,39,3,12,2,257
20260129,39,4,12,1,133
20260129,39,5,12,1,285
20260129,40,2,12,2,311
20260129,40,5,12,1,280
20260129,41,2,12,2,289
20260129,41,4,12,4,576
20260129,41,5,0,1,277
20260129,41,5,12,2,507
20260129,42,2,2,1,158
20260129,42,2,12,2,295
20260129,42,3,2,1,146
20260129,42,3,12,1,122
20260129,42,4,2,2,288
20260129,42,4,12,1,149
20260129,43,2,2,2,285
20260129,43,3,2,1,133
20260129,43,4,12,2,281
20260129,44,3,2,1,152
20260129,44,4,2,1,157
20260129,44,5,10,1,242
20260129,45,2,2,3,425
20260129,45,4,2,1,153
20260129,46,3,2,1,142
20260129,46,4,2,1,158
20260129,47,2,2,2,295
20260129,47,3,2,2,250
20260129,47,4,2,1,134
20260129,47,5,2,1,275
20260129,50,2,13,3,440
20260129,51,2,13,4,623
20260129,51,3,13,1,133
20260129,51,4,13,1,139
20260129,51,5,13,2,549
20260129,52,2,13,2,276
20260129,53,3,13,1,133
20260129,53,4,13,1,150
20260129,53,5,13,1,266
20260129,54,2,3,1,131
20260129,54,2,13,3,433
20260129,54,3,13,2,294
20260129,54,4,3,2,295
20260129,54,4,13,2,297
20260129,54,5,13,2,511
20260129,55,2,3,3,408
20260129,55,3,3,3,417
20260129,55,3,13,1,149
20260129,55,4,3,3,431
20260129,55,4,13,2,273
20260129,55,5,13,1,258
20260129,56,2,3,1,152
20260129,56,2,10,1,156
20260129,56,4,3,1,149
20260129,57,2,3,1,139
20260129,57,4,3,3,439
20260129,57,5,3,1,253
20260129,58,2,3,3,432
20260129,58,3,3,1,139
20260129,59,2,3,2,282
20260129,59,4,3,2,276
20260129,59,5,3,2,510
20260129,60,4,10,1,134
20260129,61,3,0,1,144
20260129,63,2,10,1,128
20260129,64,2,14,3,415
20260129,64,4,14,1,158
20260129,64,5,14,1,276
20260129,65,2,14,1,161
20260129,65,3,14,4,529
20260129,65,5,14,2,502
20260129,66,4,14,1,153
20260129,66,5,14,1,286
20260129,67,2,14,1,128
20260129,67,3,14,2,274
20260129,67,5,14,1,231
20260129,68,2,14,1,137
20260129,68,4,4,2,302
20260129,68,4,14,2,306
20260129,69,2,14,2,285
20260129,69,3,4,3,426
20260129,69,4,4,1,146
20260129,69,4,14,1,141
20260129,69,5,4,2,532
20260129,69,5,14,1,231
20260129,70,2,4,1,161
20260129,70,2,14,1,129
20260129,70,3,4,1,143
20260129,70,3,14,1,128
20260129,70,4,4,1,158
20260129,70,4,14,1,160
20260129,71,2,14,1,146
20260129,71,3,4,1,139
20260129,71,3,14,2,271
20260129,71,4,4,1,142
20260129,71,5,4,1,243
20260129,71,5,14,1,245
20260129,72,2,4,3,431
20260129,72,3,4,1,129
20260129,73,2,4,1,153
20260129,73,3,4,1,122
20260129,73,4,4,3,448
20260129,73,5,4,1,232
20260129,74,3,4,1,146
20260129,74,4,4,1,143
20260129,75,3,4,2,263
20260129,75,4,4,1,139
20260129,76,2,0,1,158
20260129,78,2,15,1,151
20260129,78,4,15,3,423
20260129,78,5,0,1,249
20260129,78,5,15,2,502
20260129,79,2,15,3,415
20260129,79,3,15,1,121
20260129,79,4,15,2,305
20260129,79,5,15,1,246
20260129,80,2,15,1,148
20260129,81,3,15,2,267
20260129,81,4,15,5,727
20260129,82,2,5,1,157
20260129,82,3,5,1,150
20260129,82,4,5,1,148
20260129,82,5,15,1,230
20260129,83,2,5,1,150
20260129,83,2,15,1,137
20260129,83,4,5,1,139
20260129,83,4,15,2,289
20260129,83,5,5,1,280
20260129,83,5,15,1,228
20260129,84,2,5,2,296
20260129,84,3,5,3,364
20260129,84,4,5,2,305
20260129,84,4,10,1,144
20260129,84,5,5,1,284
20260129,85,3,5,1,125
20260129,85,5,5,4,1061
20260129,86,3,5,2,270
20260129,86,4,5,1,139
20260129,86,5,5,2,494
20260129,87,2,5,1,157
20260129,87,3,5,1,121
20260129,87,4,5,3,463
20260129,87,5,5,3,776
20260129,88,3,0,1,148
20260129,91,2,0,1,155
20260129,91,2,10,1,139
20260130,22,2,11,1,154
20260130,22,4,11,1,169
20260130,22,5,11,2,618
20260130,23,2,11,1,172
20260130,23,5,11,1,256
20260130,24,2,11,1,139
20260130,25,4,11,1,148
20260130,26,2,1,1,141
20260130,26,3,1,1,140
20260130,26,4,1,1,168
20260130,27,3,11,1,136
20260130,27,4,1,2,323
20260130,27,4,11,2,332
20260130,27,5,1,1,279
20260130,27,5,11,2,555
20260130,28,2,11,3,447
20260130,28,3,1,1,134
20260130,28,3,11,1,143
20260130,28,4,1,1,170
20260130,28,4,11,2,296
20260130,29,2,11,1,161
20260130,29,3,1,1,151
20260130,29,4,1,2,292
20260130,29,4,11,2,308
20260130,29,5,11,1,266
20260130,30,4,1,3,432
20260130,31,3,1,1,147
20260130,31,4,1,1,162
20260130,31,5,1,1,293
20260130,31,5,10,1,251
20260130,32,2,1,1,170
20260130,33,2,1,1,161
20260130,33,4,1,3,475
20260130,34,2,0,1,145
20260130,38,3,12,1,146
20260130,38,4,12,5,821
20260130,39,2,12,1,156
20260130,39,3,12,1,138
20260130,39,4,0,1,140
20260130,40,3,12,2,303
20260130,40,4,12,1,170
20260130,40,5,12,1,263
20260130,41,2,12,1,166
20260130,41,3,12,1,137
20260130,41,4,12,5,796
20260130,42,2,12,2,286
20260130,42,4,2,3,484
20260130,42,4,12,3,449
20260130,42,5,12,1,296
20260130,43,2,2,4,631
20260130,43,2,12,4,626
20260130,43,3,12,1,147
20260130,43,4,2,3,454
20260130,43,5,12,1,308
20260130,44,3,2,1,162
20260130,44,4,2,1,138
20260130,45,2,2,1,161
20260130,45,3,2,2,321
20260130,45,4,2,2,296
20260130,46,2,2,1,154
20260130,46,4,2,2,301
20260130,47,2,2,2,301
20260130,47,3,2,1,145
20260130,47,3,10,1,131
20260130,50,2,13,1,161
20260130,50,3,13,1,148
20260130,50,5,13,2,513
20260130,51,3,13,2,308
20260130,51,4,13,1,154
20260130,51,5,0,1,289
20260130,51,5,13,1,307
20260130,52,3,13,1,141
20260130,52,5,0,1,296
20260130,52,5,13,2,545
20260130,53,2,13,1,166
20260130,53,3,13,1,162
20260130,53,4,13,1,156
20260130,53,5,13,2,528
20260130,54,2,3,4,599
20260130,54,2,13,1,140
20260130,54,3,3,1,146
20260130,54,3,13,2,269
20260130,54,4,3,3,465
20260130,54,4,13,3,461
20260130,55,2,3,1,140
20260130,55,2,13,1,171
20260130,55,3,3,1,140
20260130,55,3,13,1,152
20260130,55,4,3,2,328
20260130,55,4,13,4,614
20260130,55,5,3,2,585
20260130,55,5,13,1,251
20260130,56,4,3,1,171
20260130,56,5,3,1,294
20260130,57,2,3,1,145
20260130,57,4,3,1,157
20260130,58,2,3,3,472
20260130,58,3,3,1,162
20260130,58,5,3,1,281
20260130,59,3,3,2,292
20260130,59,4,3,3,480
20260130,59,5,3,1,297
20260130,63,3,0,1,136
20260130,64,4,14,1,168
20260130,64,5,14,1,249
20260130,65,2,14,2,340
20260130,65,3,14,1,150
20260130,65,4,14,1,157
20260130,65,5,14,1,281
20260130,66,2,0,1,171
20260130,66,2,14,2,296
20260130,67,2,14,2,293
20260130,68,2,4,2,332
20260130,68,2,14,2,307
20260130,68,3,4,1,159
20260130,68,4,14,2,305
20260130,69,5,14,2,552
20260130,70,2,14,2,293
20260130,70,3,14,1,147
20260130,70,4,4,1,151
20260130,70,4,14,1,149
20260130,70,5,4,3,830
20260130,71,2,14,3,463
20260130,71,3,4,2,267
20260130,71,3,14,2,313
20260130,71,4,4,2,299
20260130,71,5,4,1,309
20260130,71,5,14,1,252
20260130,72,2,4,1,172
20260130,72,3,10,1,132
20260130,72,4,4,1,162
20260130,72,5,4,3,826
20260130,73,4,4,2,317
20260130,73,4,10,1,172
20260130,74,3,4,1,135
20260130,74,4,4,1,147
20260130,74,5,4,2,548
20260130,75,4,4,1,173
20260130,77,3,0,1,143
20260130,78,2,15,2,339
20260130,78,4,15,1,155
20260130,79,4,0,1,163
20260130,79,5,0,1,286
20260130,79,5,15,1,283
20260130,80,2,15,1,164
20260130,80,3,0,1,148
20260130,80,4,15,1,172
20260130,80,5,15,1,240
20260130,81,2,15,2,309
20260130,81,3,0,1,145
20260130,81,3,15,1,155
20260130,81,4,15,2,292
20260130,82,2,5,1,174
20260130,82,2,15,2,334
20260130,82,3,5,1,152
20260130,82,4,5,2,323
20260130,82,4,15,2,304
20260130,82,5,5,2,561
20260130,82,5,15,2,550
20260130,83,2,15,1,172
20260130,83,4,15,2,325
20260130,83,5,5,2,563
20260130,83,5,15,2,582
20260130,84,2,5,2,321
20260130,84,2,10,1,163
20260130,84,3,5,1,142
20260130,85,2,5,3,474
20260130,86,2,5,2,323
20260130,86,3,5,2,293
20260130,86,4,5,1,141
20260130,87,2,5,4,600
20260130,87,3,5,1,140
20260130,89,4,10,1,156
20260130,89,5,0,1,269
20260131,22,3,11,1,105
20260131,23,2,11,1,136
20260131,23,4,11,2,263
20260131,24,3,11,3,353
20260131,24,4,11,5,609
20260131,25,2,11,2,223
20260131,25,3,11,1,127
20260131,26,2,1,1,128
20260131,26,2,11,3,331
20260131,26,3,1,2,240
20260131,26,3,11,1,116
20260131,26,4,1,3,357
20260131,26,4,11,1,118
20260131,26,5,1,2,399
20260131,27,2,1,1,113
20260131,27,2,11,1,124
20260131,27,3,1,1,102
20260131,27,4,11,1,114
20260131,28,3,1,1,126
20260131,28,5,11,1,192
20260131,29,2,11,1,113
20260131,29,3,1,1,110
20260131,29,3,11,4,460
20260131,29,4,1,1,118
20260131,29,4,11,3,364
20260131,29,5,1,1,230
20260131,30,2,1,2,230
20260131,30,3,1,1,116
20260131,30,4,1,4,468
20260131,31,2,1,2,266
20260131,31,4,1,1,112
20260131,32,2,1,1,129
20260131,32,4,1,1,124
20260131,32,4,10,1,126
20260131,33,2,1,1,135
20260131,33,4,1,2,249
20260131,33,4,10,1,124
20260131,35,2,0,1,131
20260131,36,2,10,1,128
20260131,37,4,0,1,119
20260131,38,2,12,3,348
20260131,38,3,12,1,106
20260131,38,4,12,1,126
20260131,39,2,12,2,238
20260131,39,3,12,1,121
20260131,39,5,12,1,230
20260131,40,4,0,1,109
20260131,40,4,12,7,859
20260131,41,2,12,4,489
20260131,41,5,12,1,211
20260131,42,2,2,2,249
20260131,42,4,2,1,131
20260131,42,4,12,1,117
20260131,42,5,2,3,675
20260131,42,5,12,1,222
20260131,43,2,2,1,118
20260131,43,2,12,1,124
20260131,43,3,12,2,250
20260131,43,4,2,3,378
20260131,43,4,12,1,113
20260131,43,5,2,1,241
20260131,44,3,2,1,113
20260131,44,4,2,2,250
20260131,44,5,2,1,233
20260131,45,2,2,1,126
20260131,45,4,2,3,372
20260131,45,4,10,1,118
20260131,46,2,2,1,128
20260131,46,3,2,1,120
20260131,46,3,10,1,104
20260131,46,4,2,1,124
20260131,46,5,2,1,243
20260131,46,5,10,1,189
20260131,47,2,2,5,613
20260131,50,2,13,1,125
20260131,50,3,13,2,250
20260131,50,4,0,1,116
20260131,51,2,13,2,228
20260131,51,4,13,2,255
20260131,51,5,13,3,668
20260131,52,2,13,2,230
20260131,52,4,13,2,221
20260131,52,5,13,2,449
20260131,53,2,13,1,108
20260131,53,3,0,1,106
20260131,53,3,13,1,118
20260131,53,4,13,1,121
20260131,54,2,3,1,113
20260131,54,4,3,4,507
20260131,54,4,13,3,363
20260131,54,5,3,2,384
20260131,54,5,13,1,223
20260131,55,2,13,2,225
20260131,55,3,3,1,108
20260131,55,3,13,1,126
20260131,55,4,3,2,241
20260131,55,4,13,2,254
20260131,55,5,3,2,434
20260131,55,5,13,1,239
20260131,56,2,3,2,251
20260131,56,4,3,3,379
20260131,57,4,3,3,350
20260131,58,2,3,1,113
20260131,58,3,3,2,225
20260131,58,4,3,3,350
20260131,59,2,3,4,470
20260131,59,3,3,1,126
20260131,59,4,3,1,119
20260131,62,3,10,1,104
20260131,62,5,0,1,243
20260131,64,2,0,1,132
20260131,64,2,14,2,244
20260131,64,3,14,1,117
20260131,64,4,0,1,134
20260131,64,4,14,1,125
20260131,65,4,14,1,120
20260131,66,2,14,3,363
20260131,66,3,0,1,121
20260131,66,4,14,1,131
20260131,66,5,14,2,441
20260131,67,2,14,3,372
20260131,67,3,0,1,120
20260131,67,3,14,4,477
20260131,67,4,14,1,113
20260131,68,2,4,1,121
20260131,68,3,4,2,218
20260131,68,3,14,2,232
20260131,68,4,4,1,134
20260131,68,4,14,2,246
20260131,69,3,4,1,111
20260131,69,4,4,1,111
20260131,69,5,14,1,208
20260131,70,3,4,1,108
20260131,70,4,4,3,368
20260131,70,4,14,1,121
20260131,70,5,4,1,230
20260131,71,2,4,2,247
20260131,71,2,14,1,110
20260131,71,3,14,1,112
20260131,71,4,4,2,263
20260131,71,4,14,1,135
20260131,71,5,4,1,222
20260131,72,3,4,1,124
20260131,73,2,10,1,131
20260131,73,3,10,1,101
20260131,74,2,4,1,127
20260131,74,3,4,1,104
20260131,74,4,4,2,250
20260131,75,2,4,2,261
20260131,75,3,4,1,105
20260131,75,4,4,1,113
20260131,76,3,0,1,122
20260131,78,2,15,1,135
20260131,78,5,0,1,234
20260131,78,5,15,1,215
20260131,79,3,0,1,117
20260131,79,3,15,1,111
20260131,79,4,15,2,241
20260131,79,5,15,2,418
20260131,80,2,15,3,358
20260131,80,3,15,2,239
20260131,80,4,15,1,112
20260131,81,2,15,2,229
20260131,81,4,0,1,127
20260131,81,4,15,2,248
20260131,81,5,15,1,237
20260131,82,2,5,2,227
20260131,82,2,15,1,136
20260131,82,3,5,3,366
20260131,82,4,5,1,113
20260131,82,4,15,4,479
20260131,83,2,15,1,121
20260131,83,3,5,4,487
20260131,83,4,5,1,130
20260131,83,4,15,1,131
20260131,83,5,5,1,204
20260131,83,5,15,1,207
20260131,84,2,5,1,131
20260131,84,4,5,1,126
20260131,85,2,5,1,112
20260131,85,3,5,1,103
20260131,85,4,5,1,113
20260131,86,2,5,1,135
20260131,86,3,5,4,493
20260131,86,4,5,2,257
20260131,86,5,10,1,243
20260131,87,2,10,1,117
20260131,87,3,5,3,348
20260131,87,4,5,2,243
20260131,87,5,5,2,449
20260131,91,3,0,1,111
20260201,22,2,11,1,153
20260201,22,3,11,2,282
20260201,22,4,11,2,292
20260201,23,2,11,2,291
20260201,23,4,11,1,136
20260201,24,3,11,2,261
20260201,24,5,11,1,241
20260201,25,5,11,1,239
20260201,26,2,11,2,308
20260201,26,3,1,1,125
20260201,26,4,1,1,146
20260201,26,4,11,1,154
20260201,27,2,11,1,147
20260201,27,3,11,1,139
20260201,27,4,1,3,418
20260201,28,2,1,1,137
20260201,28,3,1,1,128
20260201,28,3,11,1,131
20260201,28,5,1,1,246
20260201,29,2,1,4,592
20260201,29,2,11,1,151
20260201,29,3,11,1,146
20260201,29,4,1,1,167
20260201,29,5,1,1,278
20260201,30,3,1,1,139
20260201,30,4,1,1,134
20260201,31,3,1,1,131
20260201,31,4,1,2,272
20260201,32,5,1,3,815
20260201,33,4,1,3,459
20260201,33,5,10,1,289
20260201,35,4,0,1,148
20260201,36,5,10,1,299
20260201,37,2,10,1,165
20260201,37,4,10,1,162
20260201,37,5,10,1,279
20260201,38,2,12,1,157
20260201,38,3,12,1,142
20260201,38,5,12,3,789
20260201,39,2,12,1,143
20260201,39,4,12,2,287
20260201,40,2,12,1,162
20260201,40,3,12,1,153
20260201,40,5,12,1,265
20260201,41,2,12,1,140
20260201,41,3,12,1,129
20260201,41,4,12,2,312
20260201,41,5,12,2,507
20260201,42,2,2,2,286
20260201,42,2,12,1,153
20260201,42,3,2,1,131
20260201,42,3,12,1,127
20260201,42,4,2,1,153
20260201,42,5,2,1,274
20260201,42,5,12,1,245
20260201,43,2,12,1,150
20260201,43,3,12,1,134
20260201,43,4,2,2,294
20260201,43,4,12,2,294
20260201,43,5,12,1,259
20260201,44,2,2,3,415
20260201,44,5,2,2,543
20260201,45,2,2,2,326
20260201,45,3,2,1,132
20260201,45,4,2,2,319
20260201,45,5,2,2,574
20260201,46,2,2,4,600
20260201,46,3,2,1,157
20260201,46,4,2,1,139
20260201,46,5,2,2,501
20260201,47,2,2,4,605
20260201,47,4,2,3,470
20260201,48,4,0,1,139
20260201,50,2,0,1,155
20260201,50,2,13,1,160
20260201,50,3,13,2,278
20260201,50,5,13,1,269
20260201,52,5,13,1,238
20260201,53,2,0,1,152
20260201,53,2,13,2,328
20260201,54,2,3,1,144
20260201,54,2,13,1,154
20260201,54,3,3,2,297
20260201,54,3,13,1,130
20260201,54,4,13,2,277
20260201,55,2,3,4,576
20260201,55,2,13,3,475
20260201,55,4,3,1,140
20260201,55,4,13,2,306
20260201,55,5,3,1,291
20260201,56,2,3,3,459
20260201,56,3,3,3,427
20260201,56,5,3,1,243
20260201,57,2,3,1,135
20260201,57,5,3,1,277
20260201,58,2,3,3,449
20260201,58,4,3,3,441
20260201,58,5,10,1,287
20260201,59,2,3,2,312
20260201,59,3,3,3,422
20260201,60,2,0,1,141
20260201,61,2,10,1,153
20260201,61,3,0,1,133
20260201,61,3,10,1,154
20260201,64,4,14,1,137
20260201,65,2,14,1,144
20260201,65,4,14,1,144
20260201,65,5,14,3,775
20260201,66,2,0,1,154
20260201,67,2,14,1,162
20260201,67,3,14,1,151
20260201,67,4,14,2,287
20260201,68,2,4,2,311
20260201,68,2,14,1,139
20260201,68,3,14,1,131
20260201,68,4,4,1,167
20260201,68,4,14,2,308
20260201,68,5,4,1,297
20260201,68,5,14,2,547
20260201,69,2,14,4,595
20260201,69,3,4,2,292
20260201,69,4,4,2,333
20260201,69,4,14,1,147
20260201,69,5,14,1,262
20260201,70,2,4,1,145
20260201,70,3,4,2,304
20260201,70,4,14,2,310
20260201,70,5,14,1,245
20260201,71,2,14,2,278
20260201,71,3,4,1,140
20260201,71,4,14,1,156
20260201,71,5,4,1,261
20260201,72,2,4,1,140
20260201,72,3,4,1,129
20260201,72,4,4,2,327
20260201,72,5,4,1,234
20260201,72,5,10,1,267
20260201,73,2,4,1,165
20260201,73,3,4,3,389
20260201,73,4,4,1,147
20260201,74,3,4,1,132
20260201,74,5,4,2,534
20260201,78,2,0,1,162
20260201,78,2,15,1,153
20260201,78,3,15,2,271
20260201,79,3,15,2,316
20260201,79,4,0,1,136
20260201,79,4,15,2,309
20260201,79,5,15,1,232
20260201,80,2,15,4,628
20260201,80,3,15,1,151
20260201,80,4,15,2,315
20260201,80,5,15,2,524
20260201,81,2,0,1,162
20260201,81,3,15,1,152
20260201,81,4,15,5,737
20260201,81,5,15,2,592
20260201,82,2,15,1,155
20260201,82,3,5,3,423
20260201,82,4,5,1,152
20260201,82,4,15,3,482
20260201,83,2,5,1,159
20260201,83,2,15,1,141
20260201,83,3,15,2,296
20260201,83,4,5,1,134
20260201,83,4,15,3,428
20260201,84,2,5,1,162
20260201,84,2,10,1,166
20260201,84,4,5,3,421
20260201,85,2,5,1,164
20260201,85,3,5,2,294
20260201,85,4,5,4,598
20260201,85,5,5,1,289
20260201,86,2,5,2,299
20260201,86,3,5,1,144
20260201,86,4,5,2,303
20260201,86,5,5,1,268
20260201,87,2,5,1,145
20260201,87,3,5,2,281
20260201,87,4,5,4,590
20260201,87,5,5,2,535
20260201,88,3,10,1,130
20260201,91,4,10,1,137
20260202,22,2,11,1,139
20260202,22,3,11,2,270
20260202,22,4,11,2,284
20260202,23,2,11,1,155
20260202,23,4,11,1,132
20260202,23,5,11,1,221
20260202,24,2,11,3,461
20260202,24,3,11,1,144
20260202,24,5,11,1,263
20260202,25,2,0,1,152
20260202,25,2,11,1,139
20260202,25,3,11,1,146
20260202,25,4,11,2,298
20260202,25,5,11,2,458
20260202,26,2,1,1,129
20260202,26,2,11,3,426
20260202,26,4,11,1,133
20260202,26,5,11,2,532
20260202,27,4,1,1,160
20260202,27,5,11,1,283
20260202,28,2,11,1,149
20260202,28,3,1,1,120
20260202,28,3,11,1,128
20260202,28,4,1,3,418
20260202,28,4,11,2,292
20260202,29,2,11,2,301
20260202,29,3,1,1,144
20260202,29,5,1,1,253
20260202,29,5,11,2,553
20260202,30,2,1,3,412
20260202,30,4,1,2,287
20260202,31,2,1,2,270
20260202,31,5,1,1,266
20260202,32,2,1,2,280
20260202,32,3,1,1,142
20260202,32,4,1,1,128
20260202,32,5,1,1,249
20260202,33,2,1,3,432
20260202,33,3,1,1,132
20260202,33,4,1,2,298
20260202,34,4,10,1,150
20260202,35,5,0,1,275
20260202,36,5,0,1,225
20260202,37,3,0,1,140
20260202,38,2,12,1,147
20260202,38,3,12,1,142
20260202,38,4,12,1,141
20260202,38,5,12,2,506
20260202,39,3,12,3,414
20260202,39,4,12,4,533
20260202,39,5,12,1,224
20260202,40,2,0,1,143
20260202,40,2,12,3,439
20260202,40,4,12,2,268
20260202,41,2,12,2,260
20260202,41,4,12,1,155
20260202,42,2,12,1,139
20260202,42,3,2,1,128
20260202,42,3,12,2,280
20260202,42,4,2,2,302
20260202,42,4,12,1,161
20260202,43,2,2,1,144
20260202,43,2,12,2,284
20260202,43,4,2,1,150
20260202,43,4,12,2,278
20260202,43,5,12,2,499
20260202,44,3,2,1,148
20260202,45,2,2,2,295
20260202,45,3,2,3,426
20260202,45,5,2,1,247
20260202,46,2,2,1,138
20260202,46,5,2,2,513
20260202,47,2,2,2,298
20260202,47,2,10,1,158
20260202,47,4,2,1,150
20260202,47,5,2,1,267
20260202,50,2,13,2,322
20260202,50,4,13,1,144
20260202,50,5,13,1,223
20260202,51,2,13,1,142
20260202,51,3,13,1,151
20260202,51,4,13,2,288
20260202,52,5,13,2,520
20260202,53,2,13,1,156
20260202,53,4,13,2,270
20260202,54,2,3,1,160
20260202,54,2,13,2,295
20260202,54,3,3,2,284
20260202,54,4,3,1,151
20260202,54,4,13,1,159
20260202,55,2,13,2,302
20260202,55,3,13,1,152
20260202,55,4,3,1,161
20260202,55,4,13,1,147
20260202,55,5,13,1,263
20260202,56,3,3,1,142
20260202,56,4,3,2,302
20260202,57,2,3,2,284
20260202,57,4,3,1,137
20260202,57,5,3,1,230
20260202,58,2,3,2,270
20260202,58,3,3,1,137
20260202,58,4,3,2,302
20260202,58,5,3,1,248
20260202,59,2,3,1,155
20260202,59,3,3,3,413
20260202,59,4,3,3,456
20260202,59,5,3,1,286
20260202,61,4,0,1,132
20260202,62,5,10,1,269
20260202,64,2,14,3,455
20260202,64,3,14,1,139
20260202,64,4,14,1,150
20260202,64,5,14,1,243
20260202,65,2,14,2,284
20260202,65,4,14,1,130
20260202,65,5,0,1,232
20260202,66,2,14,3,425
20260202,66,4,14,1,150
20260202,67,2,14,1,135
20260202,67,4,14,1,159
20260202,68,2,14,2,303
20260202,68,3,14,1,122
20260202,68,4,4,3,451
20260202,68,4,14,2,295
20260202,68,5,14,2,505
20260202,69,2,14,1,132
20260202,69,3,4,1,130
20260202,69,3,14,1,124
20260202,69,4,4,3,423
20260202,70,2,14,1,139
20260202,70,3,14,1,130
20260202,70,4,4,1,143
20260202,70,4,14,3,439
20260202,70,5,4,2,500
20260202,71,2,4,2,285
20260202,71,2,14,1,128
20260202,71,3,14,1,121
20260202,71,4,4,2,288
20260202,71,5,4,2,526
20260202,72,3,4,1,137
20260202,72,4,4,2,290
20260202,72,4,10,1,156
20260202,73,4,4,1,154
20260202,73,5,4,1,274
20260202,74,4,4,1,147
20260202,74,5,4,1,239
20260202,75,2,4,1,134
20260202,75,2,10,1,156
20260202,75,3,4,1,136
20260202,75,4,4,1,150
20260202,77,4,10,1,135
20260202,78,2,15,1,136
20260202,78,3,15,1,122
20260202,78,4,0,1,156
20260202,78,4,15,1,142
20260202,79,2,15,2,277
20260202,79,3,15,1,152
20260202,80,2,15,2,269
20260202,80,3,15,1,122
20260202,80,4,0,1,140
20260202,80,4,15,1,153
20260202,81,4,15,1,137
20260202,81,5,15,1,252
20260202,82,2,5,1,139
20260202,82,3,5,1,150
20260202,82,4,5,3,448
20260202,82,5,5,1,257
20260202,83,2,5,4,566
20260202,83,3,5,1,128
20260202,83,4,5,1,159
20260202,83,4,15,1,130
20260202,83,5,5,2,561
20260202,83,5,15,1,221
20260202,84,2,5,5,746
20260202,84,2,10,1,156
20260202,84,3,5,1,130
20260202,84,3,10,1,131
20260202,84,4,5,1,132
20260202,85,3,5,2,253
20260202,85,4,5,4,592
20260202,86,2,5,2,272
20260202,86,5,5,1,247
20260202,87,2,5,1,129
20260202,88,3,0,1,121
20260203,22,2,11,1,134
20260203,22,4,11,2,262
20260203,23,2,11,2,263
20260203,23,3,11,2,247
20260203,23,4,11,1,138
20260203,23,5,11,2,461
20260203,24,2,11,1,136
20260203,24,3,11,1,129
20260203,24,4,11,2,267
20260203,25,2,11,1,146
20260203,25,5,0,1,224
20260203,26,2,1,1,142
20260203,27,3,11,1,130
20260203,27,4,1,1,147
20260203,27,4,11,1,133
20260203,27,5,1,3,734
20260203,28,3,11,1,123
20260203,28,5,1,1,252
20260203,28,5,11,1,232
20260203,29,2,1,2,248
20260203,29,3,11,2,246
20260203,29,4,1,1,132
20260203,29,5,1,2,468
20260203,30,2,1,1,121
20260203,31,2,1,1,144
20260203,31,3,1,1,137
20260203,31,4,1,2,294
20260203,31,5,1,1,256
20260203,32,3,1,2,257
20260203,32,4,1,1,143
20260203,32,5,10,1,236
20260203,33,2,1,2,271
20260203,33,4,1,1,134
20260203,33,5,10,1,237
20260203,34,3,10,1,124
20260203,35,2,10,1,119
20260203,35,4,0,1,142
20260203,35,4,10,2,242
20260203,36,5,10,1,262
20260203,38,2,12,1,145
20260203,38,3,12,2,258
20260203,38,4,12,1,130
20260203,39,2,12,1,128
20260203,39,3,0,1,118
20260203,39,3,12,2,268
20260203,39,4,12,2,245
20260203,40,2,12,3,382
20260203,40,3,12,1,115
20260203,40,4,12,1,123
20260203,40,5,12,2,488
20260203,41,4,12,1,141
20260203,41,5,12,3,675
20260203,42,3,2,2,245
20260203,42,5,2,1,209
20260203,43,2,2,2,261
20260203,43,2,12,4,574
20260203,43,4,2,2,254
20260203,43,4,12,4,521
20260203,43,5,12,1,243
20260203,44,3,2,1,129
20260203,44,4,2,2,269
20260203,44,4,10,2,289
20260203,45,2,2,2,291
20260203,45,3,2,1,117
20260203,45,4,2,1,126
20260203,46,3,2,1,123
20260203,46,4,2,1,124
20260203,46,5,2,1,266
20260203,47,2,2,2,267
20260203,47,3,2,3,375
20260203,47,4,2,1,137
20260203,47,4,10,1,119
20260203,47,5,2,1,229
20260203,48,2,0,1,122
20260203,49,4,10,1,130
20260203,49,5,10,1,243
20260203,50,2,13,2,293
20260203,50,3,13,1,134
20260203,50,5,13,1,241
20260203,51,2,13,1,130
20260203,51,4,13,1,131
20260203,52,2,13,3,414
20260203,52,3,13,2,269
20260203,52,4,0,1,146
20260203,52,4,13,1,124
20260203,52,5,0,1,230
20260203,52,5,13,2,435
20260203,53,2,0,1,129
20260203,53,2,13,1,126
20260203,53,4,13,2,291
20260203,54,2,3,1,123
20260203,54,2,13,1,138
20260203,54,3,3,1,112
20260203,54,3,13,1,116
20260203,54,4,3,3,384
20260203,54,4,13,2,256
20260203,55,2,3,1,139
20260203,55,2,13,3,421
20260203,55,3,3,2,267
20260203,55,3,13,2,240
20260203,55,4,3,1,130
20260203,55,5,3,2,478
20260203,55,5,13,2,500
20260203,56,2,3,2,266
20260203,56,4,3,1,130
20260203,56,5,3,1,208
20260203,57,4,3,2,268
20260203,57,5,3,1,225
20260203,58,2,3,2,256
20260203,58,3,3,1,113
20260203,58,4,3,1,138
20260203,59,2,3,1,141
20260203,59,3,10,1,129
20260203,62,2,10,1,141
20260203,62,3,10,1,114
20260203,63,2,10,1,138
20260203,64,2,14,4,547
20260203,64,4,14,1,141
20260203,64,5,14,2,455
20260203,65,2,14,1,142
20260203,65,3,14,3,375
20260203,65,4,14,1,126
20260203,66,2,14,1,141
20260203,66,3,14,1,137
20260203,66,4,14,3,397
20260203,66,5,14,1,268
20260203,67,2,0,1,134
20260203,67,4,14,3,394
20260203,67,5,14,2,468
20260203,68,2,14,2,267
20260203,68,3,4,1,114
20260203,68,3,14,3,364
20260203,68,4,4,1,130
20260203,68,5,4,1,239
20260203,68,5,14,1,213
20260203,69,2,4,1,128
20260203,69,2,14,1,140
20260203,69,4,4,1,119
20260203,69,5,4,3,702
20260203,70,2,4,1,125
20260203,70,2,14,2,275
20260203,70,3,4,1,128
20260203,70,3,14,1,124
20260203,70,4,4,3,390
20260203,70,5,14,2,504
20260203,71,2,4,1,119
20260203,71,2,14,1,127
20260203,71,3,4,1,138
20260203,71,4,4,1,140
20260203,71,5,4,1,231
20260203,72,2,4,1,146
20260203,72,2,10,1,123
20260203,72,3,4,2,256
20260203,72,4,4,2,268
20260203,72,5,10,1,258
20260203,73,3,4,1,119
20260203,73,4,4,3,412
20260203,73,5,4,1,247
20260203,74,2,4,1,129
20260203,74,3,4,2,237
20260203,74,4,4,3,389
20260203,74,5,4,1,208
20260203,75,2,4,1,130
20260203,75,3,4,3,373
20260203,75,4,4,3,368
20260203,78,3,15,1,133
20260203,78,5,0,1,261
20260203,78,5,15,1,255
20260203,79,2,15,1,122
20260203,79,4,15,1,132
20260203,79,5,15,1,255
20260203,80,2,15,1,123
20260203,80,3,15,1,141
20260203,80,4,15,2,268
20260203,80,5,15,1,211
20260203,81,3,15,3,380
20260203,81,4,15,2,267
20260203,81,5,0,1,222
20260203,81,5,15,2,487
20260203,82,2,5,1,141
20260203,82,2,15,1,130
20260203,82,3,5,1,141
20260203,82,3,15,1,111
20260203,83,3,5,1,137
20260203,83,3,15,1,138
20260203,83,5,5,2,480
20260203,83,5,15,2,461
20260203,84,2,5,1,147
20260203,84,3,5,2,267
20260203,84,4,5,1,130
20260203,84,4,10,1,149
20260203,84,5,5,1,256
20260203,85,2,5,1,138
20260203,85,3,5,2,253
20260203,85,4,5,1,127
20260203,86,2,5,3,425
20260203,86,4,5,2,269
20260203,87,2,5,1,137
20260203,87,5,10,1,261
20260204,22,2,11,2,257
20260204,22,3,11,1,121
20260204,23,2,11,1,121
20260204,23,3,11,1,127
20260204,23,4,11,1,138
20260204,24,2,11,1,141
20260204,24,4,11,2,263
20260204,25,4,11,3,405
20260204,26,2,11,1,126
20260204,26,3,11,1,126
20260204,26,4,1,1,121
20260204,27,2,1,1,121
20260204,27,3,1,2,238
20260204,27,3,11,2,286
20260204,27,4,1,1,131
20260204,27,4,11,1,140
20260204,27,5,1,1,249
20260204,28,3,1,2,272
20260204,28,4,1,1,122
20260204,29,2,11,1,149
20260204,29,3,1,1,117
20260204,29,3,11,1,136
20260204,29,4,1,3,431
20260204,29,5,1,2,431
20260204,29,5,11,1,220
20260204,30,4,1,1,150
20260204,31,4,1,3,398
20260204,31,5,10,1,233
20260204,32,3,1,3,382
20260204,32,4,1,1,145
20260204,32,5,1,1,244
20260204,33,2,10,2,271
20260204,33,3,1,1,142
20260204,33,3,10,1,123
20260204,33,5,1,1,212
20260204,35,2,0,1,129
20260204,36,3,10,1,126
20260204,38,2,12,1,132
20260204,38,3,12,1,127
20260204,39,2,12,3,406
20260204,39,3,12,2,238
20260204,39,5,12,1,255
20260204,40,2,12,1,131
20260204,40,4,12,1,128
20260204,40,5,12,1,229
20260204,41,2,12,1,153
20260204,41,4,0,1,123
20260204,41,4,12,2,282
20260204,42,3,12,2,249
20260204,42,4,2,2,274
20260204,42,4,12,3,385
20260204,43,2,2,1,138
20260204,43,2,12,3,404
20260204,43,3,2,1,133
20260204,43,3,12,1,136
20260204,43,4,12,3,449
20260204,44,3,2,1,136
20260204,44,4,2,1,141
20260204,44,5,2,1,219
20260204,45,2,2,2,278
20260204,45,3,2,3,378
20260204,45,4,2,3,425
20260204,45,5,2,2,495
20260204,46,2,2,1,145
20260204,46,3,2,1,124
20260204,46,4,2,1,146
20260204,47,3,2,1,136
20260204,47,4,2,1,136
20260204,47,5,2,2,487
20260204,48,5,10,1,217
20260204,49,4,10,1,144
20260204,50,2,13,3,404
20260204,50,3,13,3,377
20260204,50,4,13,3,428
20260204,50,5,13,1,254
20260204,51,2,13,4,501
20260204,51,3,13,1,121
20260204,51,4,13,2,280
20260204,52,2,13,4,527
20260204,52,3,13,3,396
20260204,52,4,13,1,150
20260204,52,5,13,2,450
20260204,53,2,13,2,291
20260204,53,3,0,1,139
20260204,53,3,13,2,274
20260204,53,4,0,1,146
20260204,53,4,13,1,132
20260204,54,2,3,1,144
20260204,54,2,13,1,142
20260204,54,3,13,2,279
20260204,54,4,3,1,124
20260204,54,4,13,1,152
20260204,54,5,13,1,259
20260204,55,2,13,4,526
20260204,55,4,3,2,270
20260204,55,4,13,1,137
20260204,55,5,3,1,253
20260204,55,5,13,1,259
20260204,56,2,3,1,146
20260204,56,2,10,1,134
20260204,56,3,3,2,240
20260204,56,4,3,3,409
20260204,57,2,3,1,121
20260204,57,2,10,1,132
20260204,57,3,3,1,140
20260204,57,4,3,3,414
20260204,57,5,3,1,231
20260204,58,2,3,2,252
20260204,58,4,3,1,147
20260204,58,5,3,1,272
20260204,59,2,3,3,413
20260204,59,4,3,2,274
20260204,62,2,0,1,144
20260204,62,2,10,1,152
20260204,64,2,14,2,289
20260204,64,3,14,1,137
20260204,64,4,14,1,123
20260204,64,5,14,2,501
20260204,65,3,14,1,115
20260204,65,4,14,1,153
20260204,65,5,0,2,506
20260204,66,2,14,1,135
20260204,66,3,0,1,119
20260204,66,4,14,1,152
20260204,67,2,14,2,295
20260204,67,3,14,2,250
20260204,68,2,14,2,277
20260204,68,4,14,1,152
20260204,68,5,14,1,271
20260204,69,2,14,1,123
20260204,69,4,14,2,291
20260204,69,5,4,1,244
20260204,70,2,4,2,287
20260204,70,3,4,1,125
20260204,70,3,14,1,137
20260204,70,4,14,1,133
20260204,71,2,4,1,144
20260204,71,2,14,1,132
20260204,71,3,14,1,117
20260204,71,5,4,1,233
20260204,72,2,4,1,143
20260204,72,3,4,1,131
20260204,72,4,4,1,141
20260204,72,5,4,1,258
20260204,73,2,10,1,124
20260204,73,4,4,1,131
20260204,74,4,4,2,295
20260204,74,4,10,1,149
20260204,75,4,4,1,140
20260204,76,3,0,1,114
20260204,76,4,10,1,127
20260204,78,3,15,1,140
20260204,78,4,15,1,138
20260204,78,5,15,1,227
20260204,79,2,15,3,386
20260204,79,3,15,1,120
20260204,79,5,15,3,746
20260204,80,2,15,1,143
20260204,80,5,15,1,253
20260204,81,2,15,3,382
20260204,81,3,15,2,260
20260204,81,4,15,3,409
20260204,82,2,5,2,262
20260204,82,3,5,2,281
20260204,82,3,15,1,134
20260204,82,4,15,2,285
20260204,82,5,15,2,506
20260204,83,3,5,1,131
20260204,83,3,15,1,127
20260204,83,4,5,3,397
20260204,83,4,15,4,525
20260204,84,4,5,2,267
20260204,85,2,5,1,124
20260204,85,3,5,2,231
20260204,85,3,10,1,125
20260204,85,4,5,1,122
20260204,85,5,5,1,245
20260204,86,2,5,2,288
20260204,86,4,5,1,142
20260204,87,2,5,3,387
20260204,87,4,5,3,410
20260204,87,5,10,1,231
20260205,22,2,11,1,129
20260205,22,4,11,1,150
20260205,23,2,11,2,294
20260205,23,3,11,1,127
20260205,23,5,11,4,1047
20260205,24,4,11,2,297
20260205,25,2,0,1,135
20260205,25,2,11,2,288
20260205,25,3,11,1,143
20260205,25,4,0,1,132
20260205,25,4,11,1,147
20260205,26,2,1,1,149
20260205,26,2,11,1,128
20260205,26,3,1,1,142
20260205,26,4,11,1,161
20260205,26,5,11,1,253
20260205,27,2,1,1,135
20260205,27,2,11,1,131
20260205,27,3,1,2,268
20260205,27,4,1,1,151
20260205,27,5,11,1,238
20260205,28,2,1,1,147
20260205,28,3,1,1,131
20260205,28,3,11,2,275
20260205,28,4,11,2,302
20260205,29,2,1,1,150
20260205,29,2,11,1,132
20260205,29,3,11,2,277
20260205,29,4,1,1,144
20260205,29,4,11,1,159
20260205,29,5,1,1,224
20260205,29,5,11,1,225
20260205,30,3,1,1,149
20260205,30,4,1,1,136
20260205,31,4,1,2,277
20260205,31,5,1,1,284
20260205,32,3,1,1,127
20260205,32,4,1,2,268
20260205,32,5,1,1,281
20260205,33,2,1,1,145
20260205,33,3,1,2,266
20260205,33,5,1,1,253
20260205,34,2,10,1,136
20260205,34,3,10,1,150
20260205,35,2,10,2,283
20260205,39,3,12,3,394
20260205,39,4,12,3,443
20260205,40,2,12,3,434
20260205,40,3,12,1,147
20260205,40,4,0,1,144
20260205,40,4,12,1,144
20260205,40,5,12,1,282
20260205,41,4,12,1,156
20260205,41,5,12,3,756
20260205,42,2,2,1,152
20260205,42,3,12,2,267
20260205,42,4,12,1,159
20260205,42,5,2,1,237
20260205,42,5,12,1,231
20260205,43,2,2,1,130
20260205,43,3,2,1,125
20260205,43,3,12,1,126
20260205,43,4,12,3,416
20260205,44,2,10,1,133
20260205,44,4,2,2,295
20260205,45,3,2,1,138
20260205,45,4,2,1,144
20260205,45,5,2,1,263
20260205,46,2,2,1,132
20260205,46,3,2,1,128
20260205,46,4,2,2,288
20260205,47,2,2,1,133
20260205,49,2,0,1,134
20260205,50,2,13,1,133
20260205,50,3,13,1,143
20260205,50,4,13,1,143
20260205,50,5,13,2,504
20260205,51,3,13,3,411
20260205,51,4,0,1,139
20260205,51,5,0,1,221
20260205,51,5,13,1,269
20260205,52,2,0,1,130
20260205,52,2,13,1,160
20260205,52,4,13,1,128
20260205,52,5,13,1,224
20260205,53,4,13,1,148
20260205,53,5,13,1,269
20260205,54,2,3,2,305
20260205,54,3,3,1,131
20260205,54,4,3,2,276
20260205,54,4,13,2,294
20260205,54,5,3,1,224
20260205,55,2,3,1,154
20260205,55,2,13,1,134
20260205,55,3,3,1,131
20260205,55,3,13,2,280
20260205,55,4,3,2,311
20260205,55,4,13,2,288
20260205,55,5,3,2,504
20260205,55,5,13,1,270
20260205,56,2,3,2,275
20260205,56,3,3,1,121
20260205,56,4,3,1,157
20260205,56,5,3,1,238
20260205,57,2,3,3,438
20260205,57,3,3,2,256
20260205,57,4,3,2,296
20260205,57,5,3,1,282
20260205,58,2,3,1,140
20260205,58,4,3,1,152
20260205,58,5,3,2,537
20260205,59,2,3,1,133
20260205,59,2,10,1,145
20260205,59,3,3,1,140
20260205,59,4,3,2,279
20260205,60,3,0,1,146
20260205,60,4,10,1,151
20260205,60,5,0,1,227
20260205,62,4,0,1,141
20260205,64,3,14,1,144
20260205,64,4,0,1,160
20260205,64,4,14,3,436
20260205,65,2,14,1,135
20260205,65,4,14,1,156
20260205,67,3,14,1,131
20260205,67,4,14,2,266
20260205,68,2,14,1,143
20260205,68,4,4,1,139
20260205,68,4,14,3,418
20260205,68,5,4,3,750
20260205,68,5,14,1,222
20260205,69,3,4,3,399
20260205,69,3,14,1,139
20260205,69,4,4,1,144
20260205,69,4,14,1,142
20260205,70,3,4,1,139
20260205,70,3,14,1,143
20260205,71,2,14,4,562
20260205,71,3,4,1,143
20260205,71,4,4,1,149
20260205,71,5,14,3,784
20260205,72,3,4,1,148
20260205,72,5,4,2,500
20260205,73,2,4,2,293
20260205,73,4,4,2,315
20260205,74,2,4,1,150
20260205,74,4,4,1,150
20260205,74,5,4,4,1039
20260205,75,2,4,3,441
20260205,75,2,10,1,161
20260205,75,4,4,3,436
20260205,75,5,4,1,247
20260205,76,2,0,1,158
20260205,76,3,0,1,148
20260205,77,4,0,1,133
20260205,78,2,15,3,450
20260205,78,3,15,1,139
20260205,78,5,15,1,241
20260205,79,4,15,2,277
20260205,79,5,15,1,246
20260205,80,2,15,2,283
20260205,80,4,15,4,589
20260205,81,4,15,2,282
20260205,82,2,5,3,422
20260205,82,3,15,1,142
20260205,82,4,5,3,440
20260205,82,4,15,4,579
20260205,83,2,5,2,309
20260205,83,2,15,1,132
20260205,83,3,5,3,405
20260205,83,4,15,1,137
20260205,84,2,10,1,129
20260205,84,3,5,1,139
20260205,84,4,5,1,150
20260205,85,2,5,1,159
20260205,85,3,5,1,128
20260205,85,3,10,1,121
20260205,85,4,5,3,441
20260205,85,5,5,1,229
20260205,86,2,5,2,276
20260205,86,3,5,1,151
20260205,86,4,5,6,857
20260205,86,5,5,1,222
20260205,87,2,5,1,133
20260205,87,3,5,2,267
20260205,87,5,5,1,244
20260205,89,5,0,1,281
20260205,91,4,0,1,140
20260206,23,2,11,1,152
20260206,23,3,11,1,140
20260206,23,4,11,2,294
20260206,24,4,11,2,292
20260206,24,5,0,1,275
20260206,25,2,11,2,309
20260206,25,4,11,1,143
20260206,26,2,1,2,335
20260206,26,2,11,1,157
20260206,26,5,1,1,307
20260206,27,2,1,2,308
20260206,27,2,11,2,314
20260206,27,3,1,1,129
20260206,27,3,11,1,162
20260206,27,4,11,1,163
20260206,28,3,1,1,147
20260206,28,3,11,2,283
20260206,28,4,11,1,145
20260206,29,2,1,1,147
20260206,29,2,11,1,162
20260206,29,3,1,2,275
20260206,29,4,1,2,309
20260206,29,4,11,2,333
20260206,29,5,1,1,306
20260206,29,5,11,1,284
20260206,30,4,1,2,306
20260206,30,5,1,1,296
20260206,31,3,10,1,151
20260206,31,4,1,1,142
20260206,31,5,1,1,278
20260206,32,3,1,1,143
20260206,32,4,1,1,143
20260206,33,4,1,2,312
20260206,33,5,1,1,248
20260206,36,3,10,1,148
20260206,37,3,10,1,144
20260206,38,2,12,1,140
20260206,38,3,12,1,155
20260206,38,4,12,2,316
20260206,38,5,12,1,276
20260206,39,2,12,2,292
20260206,39,3,12,1,135
20260206,40,2,12,2,318
20260206,40,3,12,1,149
20260206,40,4,12,1,149
20260206,40,5,12,3,807
20260206,41,2,12,3,448
20260206,41,3,12,1,151
20260206,41,4,12,2,330
20260206,41,5,12,2,516
20260206,42,2,2,1,138
20260206,42,3,12,2,301
20260206,42,4,12,4,645
20260206,42,5,2,1,257
20260206,42,5,12,1,241
20260206,43,2,12,1,167
20260206,43,3,12,1,162
20260206,43,4,2,1,165
20260206,43,4,12,4,623
20260206,43,5,12,1,239
20260206,44,3,2,2,313
20260206,44,4,2,1,139
20260206,45,2,2,3,491
20260206,45,3,2,1,158
20260206,45,4,2,1,162
20260206,45,5,2,1,289
20260206,46,4,2,1,152
20260206,47,3,2,2,271
20260206,47,4,2,1,140
20260206,49,2,0,1,147
20260206,49,3,10,1,163
20260206,50,2,13,2,331
20260206,50,3,13,1,161
20260206,50,4,13,3,486
20260206,51,2,13,1,168
20260206,51,4,13,1,172
20260206,51,5,13,1,283
20260206,52,2,0,1,146
20260206,52,2,13,1,147
20260206,52,4,13,1,161
20260206,53,2,0,1,170
20260206,53,3,13,3,457
20260206,53,4,13,2,298
20260206,54,2,3,4,644
20260206,54,2,13,1,144
20260206,54,3,13,2,315
20260206,54,4,3,3,460
20260206,55,2,3,1,145
20260206,55,2,13,3,425
20260206,55,3,3,1,142
20260206,55,3,13,1,145
20260206,55,4,3,1,147
20260206,55,5,3,3,871
20260206,56,2,3,3,462
20260206,56,3,3,1,141
20260206,56,4,3,1,169
20260206,56,5,3,1,256
20260206,57,3,3,2,298
20260206,57,4,3,2,306
20260206,57,5,3,2,539
20260206,58,3,3,1,153
20260206,58,4,3,3,481
20260206,59,2,3,1,159
20260206,59,2,10,1,174
20260206,59,3,3,1,135
20260206,59,4,3,1,169
20260206,59,5,3,1,275
20260206,60,2,0,1,142
20260206,60,3,10,1,156
20260206,61,3,10,1,147
20260206,62,2,0,1,157
20260206,62,3,10,1,132
20260206,63,4,10,1,155
20260206,64,2,14,1,154
20260206,64,4,0,1,144
20260206,64,4,14,4,594
20260206,64,5,14,1,263
20260206,65,2,14,1,159
20260206,65,4,14,5,787
20260206,65,5,14,1,247
20260206,66,2,0,1,143
20260206,66,2,14,1,151
20260206,66,3,14,1,138
20260206,66,4,14,1,165
20260206,66,5,14,1,259
20260206,67,2,14,1,145
20260206,67,4,14,1,166
20260206,68,3,14,2,298
20260206,68,4,4,1,152
20260206,69,2,4,2,330
20260206,69,2,14,2,317
20260206,69,3,4,1,138
20260206,69,4,4,1,140
20260206,69,4,14,1,166
20260206,69,5,4,4,1012
20260206,69,5,14,1,299
20260206,70,2,4,1,172
20260206,70,3,14,1,161
20260206,70,4,4,2,280
20260206,70,5,14,1,290
20260206,71,2,4,1,157
20260206,71,3,4,1,141
20260206,71,5,4,1,239
20260206,72,3,4,1,137
20260206,72,4,4,1,154
20260206,72,5,4,1,274
20260206,73,3,4,2,283
20260206,73,4,4,1,153
20260206,73,5,4,3,781
20260206,75,2,4,1,166
20260206,75,4,4,1,166
20260206,75,5,4,1,289
20260206,76,2,0,1,159
20260206,76,2,10,1,146
20260206,76,4,10,1,162
20260206,77,4,0,1,172
20260206,78,2,15,1,151
20260206,79,3,0,1,157
20260206,79,4,15,1,170
20260206,79,5,0,1,288
20260206,79,5,15,1,292
20260206,80,2,15,2,312
20260206,80,4,0,1,164
20260206,80,4,15,3,478
20260206,81,2,15,1,164
20260206,81,3,15,2,321
20260206,81,4,15,2,311
20260206,82,2,5,2,303
20260206,82,2,15,2,284
20260206,82,3,5,1,147
20260206,82,3,15,1,138
20260206,82,4,5,3,472
20260206,82,4,15,2,302
20260206,83,2,5,2,327
20260206,83,2,15,2,333
20260206,83,3,5,1,158
20260206,83,4,5,4,657
20260206,83,5,5,1,266
20260206,84,2,5,1,158
20260206,84,4,5,2,296
20260206,85,2,5,2,296
20260206,85,3,5,1,146
20260206,85,3,10,1,151
20260206,85,4,5,2,303
20260206,85,5,5,2,551
20260206,86,2,5,2,296
20260206,86,3,5,1,132
20260206,86,4,5,1,174
20260206,86,5,5,1,304
20260206,87,2,5,1,162
20260206,87,4,5,1,150
20260206,87,5,5,1,252
20260206,88,3,10,2,277
20260206,89,2,0,1,173
20260206,89,2,10,1,150
20260206,91,3,0,3,426
20260207,22,2,11,1,122
20260207,22,4,11,2,241
20260207,23,3,11,2,210
20260207,24,2,11,2,257
20260207,24,3,11,1,114
20260207,24,4,11,1,110
20260207,25,3,11,2,251
20260207,25,5,11,2,384
20260207,26,2,1,1,120
20260207,26,2,11,2,255
20260207,26,3,1,1,102
20260207,26,5,11,1,238
20260207,27,3,1,1,108
20260207,28,3,1,2,224
20260207,28,4,1,1,116
20260207,28,4,11,2,245
20260207,28,5,1,1,192
20260207,29,2,11,1,125
20260207,29,3,11,1,105
20260207,29,4,11,1,121
20260207,30,4,1,1,135
20260207,31,2,1,2,232
20260207,31,4,1,2,259
20260207,31,5,1,4,861
20260207,32,4,1,1,128
20260207,32,5,1,1,210
20260207,33,2,1,2,238
20260207,33,3,1,1,116
20260207,33,4,1,1,118
20260207,33,5,1,1,241
20260207,34,3,10,1,111
20260207,35,2,0,1,123
20260207,36,2,10,1,124
20260207,38,3,12,3,363
20260207,38,5,12,1,217
20260207,39,3,12,1,105
20260207,39,4,12,5,562
20260207,40,2,12,3,342
20260207,40,3,12,1,109
20260207,40,5,12,2,400
20260207,41,2,0,1,124
20260207,41,2,12,1,126
20260207,41,3,12,1,111
20260207,41,4,12,2,254
20260207,41,5,12,2,403
20260207,42,2,12,3,346
20260207,42,3,12,1,115
20260207,42,4,2,1,118
20260207,42,5,12,1,189
20260207,43,2,2,1,118
20260207,43,2,12,1,126
20260207,43,3,2,2,238
20260207,43,3,12,2,230
20260207,43,4,12,1,109
20260207,44,2,10,1,135
20260207,44,4,2,2,252
20260207,45,4,2,2,244
20260207,45,5,2,1,208
20260207,46,2,2,3,349
20260207,46,3,2,1,107
20260207,46,4,10,1,131
20260207,46,5,2,2,471
20260207,47,5,2,2,456
20260207,48,5,10,1,204
20260207,50,2,13,2,245
20260207,50,3,13,1,122
20260207,50,4,13,1,116
20260207,51,4,13,2,261
20260207,52,2,13,4,469
20260207,52,3,13,2,231
20260207,52,4,13,1,113
20260207,52,5,13,2,409
20260207,53,2,0,2,227
20260207,53,2,13,2,231
20260207,53,3,13,2,229
20260207,53,4,13,3,350
20260207,54,2,3,1,136
20260207,54,3,3,1,107
20260207,54,4,3,3,360
20260207,54,4,13,1,123
20260207,54,5,3,2,417
20260207,55,2,3,1,120
20260207,55,3,3,1,113
20260207,55,4,13,1,111
20260207,55,5,3,1,204
20260207,55,5,13,6,1366
20260207,56,3,3,2,225
20260207,56,5,3,1,214
20260207,57,3,3,1,118
20260207,57,4,3,1,120
20260207,58,2,3,1,117
20260207,58,3,3,1,103
20260207,58,4,3,2,237
20260207,58,4,10,1,129
20260207,58,5,3,1,241
20260207,59,2,3,1,135
20260207,61,2,0,1,129
20260207,62,5,0,1,204
20260207,62,5,10,2,426
20260207,63,4,10,1,118
20260207,64,2,14,2,248
20260207,64,3,14,1,113
20260207,64,4,14,1,126
20260207,64,5,0,1,207
20260207,65,2,14,2,254
20260207,65,3,14,2,222
20260207,66,2,0,1,124
20260207,66,2,14,1,131
20260207,66,4,14,2,244
20260207,67,2,14,1,123
20260207,67,3,14,2,217
20260207,67,4,14,3,394
20260207,67,5,14,1,208
20260207,68,2,4,1,133
20260207,68,2,14,1,134
20260207,68,3,4,1,129
20260207,68,3,14,3,360
20260207,68,4,4,1,109
20260207,68,4,14,1,119
20260207,68,5,14,2,420
20260207,69,2,14,2,242
20260207,69,3,4,1,108
20260207,69,5,14,2,439
20260207,70,3,4,1,127
20260207,70,3,14,1,129
20260207,70,4,4,2,220
20260207,70,5,14,2,463
20260207,71,2,14,2,243
20260207,71,3,14,1,113
20260207,71,4,4,1,129
20260207,71,5,4,1,216
20260207,72,2,4,2,235
20260207,72,3,4,3,372
20260207,72,4,4,3,364
20260207,73,3,4,2,216
20260207,73,4,4,1,113
20260207,73,5,10,1,220
20260207,74,2,10,1,132
20260207,74,3,4,1,126
20260207,74,4,4,1,135
20260207,74,5,4,1,222
20260207,75,2,10,1,110
20260207,75,4,4,1,130
20260207,78,3,15,1,108
20260207,78,4,15,2,256
20260207,78,5,15,1,234
20260207,79,2,15,1,121
20260207,79,3,15,1,109
20260207,79,5,15,1,235
20260207,80,2,15,2,254
20260207,80,4,0,1,130
20260207,80,5,15,1,198
20260207,81,4,15,3,372
20260207,81,5,15,1,210
20260207,82,2,15,3,359
20260207,82,3,5,1,109
20260207,82,3,15,1,124
20260207,82,4,5,2,247
20260207,82,4,15,1,108
20260207,82,5,15,1,212
20260207,83,2,5,1,123
20260207,83,2,15,1,126
20260207,83,3,5,1,108
20260207,83,3,15,1,124
20260207,83,4,5,2,237
20260207,83,4,15,4,507
20260207,83,5,5,1,196
20260207,84,2,5,2,252
20260207,84,3,10,1,108
20260207,84,4,5,2,271
20260207,84,5,5,1,217
20260207,85,2,5,2,254
20260207,85,3,5,1,113
20260207,85,3,10,1,103
20260207,85,4,5,1,133
20260207,85,5,5,2,472
20260207,86,2,5,1,135
20260207,86,4,5,2,234
20260207,86,5,5,2,414
20260207,86,5,10,1,198
20260207,87,2,5,2,221
20260207,87,3,5,1,120
20260207,87,4,5,1,108
20260207,88,2,10,1,134
20260207,88,4,0,1,121
20260207,90,4,10,1,118
20260207,91,3,10,1,116
20260207,91,5,10,1,218
20260208,22,2,11,1,157
20260208,22,3,11,1,154
20260208,22,4,11,2,298
20260208,22,5,11,1,256
20260208,23,2,11,3,461
20260208,23,3,11,1,143
20260208,23,5,11,1,289
20260208,24,2,11,1,135
20260208,24,3,0,1,131
20260208,24,4,11,1,166
20260208,25,2,11,1,160
20260208,25,3,11,1,160
20260208,25,4,11,2,316
20260208,25,5,11,1,232
20260208,26,2,1,3,446
20260208,26,3,1,1,136
20260208,26,4,1,4,595
20260208,26,4,11,2,298
20260208,26,5,1,1,253
20260208,26,5,11,2,591
20260208,27,2,11,2,329
20260208,27,3,1,1,150
20260208,27,4,1,1,137
20260208,27,5,1,1,238
20260208,28,2,11,1,144
20260208,28,3,1,1,143
20260208,28,3,11,1,153
20260208,28,4,1,1,138
20260208,28,4,11,1,134
20260208,28,5,11,1,257
20260208,29,3,1,2,299
20260208,29,3,11,4,572
20260208,29,4,11,1,167
20260208,29,5,1,1,266
20260208,29,5,11,1,264
20260208,30,4,1,1,137
20260208,30,5,1,1,248
20260208,31,2,1,1,148
20260208,31,4,10,1,141
20260208,31,5,1,2,535
20260208,32,2,1,1,162
20260208,32,2,10,1,145
20260208,33,2,1,1,138
20260208,33,4,10,1,161
20260208,33,5,1,3,771
20260208,35,3,10,1,126
20260208,37,3,0,1,126
20260208,38,2,12,1,142
20260208,38,3,12,1,147
20260208,38,4,0,1,137
20260208,38,4,12,3,443
20260208,38,5,12,1,240
20260208,39,2,12,2,298
20260208,39,3,12,2,281
20260208,39,4,12,2,308
20260208,39,5,12,1,278
20260208,40,2,12,1,162
20260208,40,3,12,1,136
20260208,40,5,0,1,264
20260208,41,4,12,1,134
20260208,41,5,12,2,540
20260208,42,2,2,2,329
20260208,42,2,12,2,276
20260208,42,3,2,1,156
20260208,42,3,12,1,147
20260208,42,4,12,1,160
20260208,42,5,12,1,274
20260208,43,2,2,1,145
20260208,43,2,12,2,318
20260208,43,3,12,1,149
20260208,43,4,12,3,404
20260208,43,5,2,1,267
20260208,44,2,2,1,162
20260208,44,3,2,1,138
20260208,44,4,2,1,157
20260208,45,3,2,2,284
20260208,45,4,2,1,161
20260208,45,5,2,1,245
20260208,46,2,2,1,147
20260208,46,4,2,1,153
20260208,47,2,10,1,136
20260208,48,3,0,1,127
20260208,49,3,0,1,136
20260208,50,3,13,1,136
20260208,50,5,13,1,271
20260208,51,2,13,1,164
20260208,51,3,13,1,135
20260208,51,5,13,1,299
20260208,52,3,13,1,156
20260208,52,4,0,1,168
20260208,52,4,13,2,300
20260208,52,5,13,2,514
20260208,53,2,13,4,639
20260208,53,3,13,1,152
20260208,54,2,13,2,329
20260208,54,3,13,2,250
20260208,54,4,3,2,295
20260208,54,4,13,1,146
20260208,54,5,3,1,287
20260208,54,5,13,3,806
20260208,55,2,3,1,160
20260208,55,2,13,1,162
20260208,55,3,3,2,284
20260208,55,3,13,2,300
20260208,55,4,3,1,140
20260208,55,4,13,1,169
20260208,55,5,13,1,240
20260208,56,2,3,5,782
20260208,56,3,3,2,292
20260208,56,4,3,1,147
20260208,56,5,3,1,286
20260208,57,2,3,2,311
20260208,57,2,10,1,167
20260208,58,2,3,1,162
20260208,58,4,3,2,285
20260208,58,5,3,1,251
20260208,59,2,3,2,308
20260208,59,3,3,2,305
20260208,59,4,3,1,139
20260208,60,4,0,1,150
20260208,61,3,0,1,145
20260208,63,2,10,1,166
20260208,64,2,14,4,590
20260208,64,3,14,1,126
20260208,64,4,14,1,163
20260208,64,5,14,1,282
20260208,65,2,0,1,146
20260208,65,3,14,2,299
20260208,65,4,14,1,162
20260208,65,5,0,1,245
20260208,66,2,0,1,161
20260208,66,2,14,1,148
20260208,66,4,0,1,153
20260208,66,4,14,2,279
20260208,66,5,14,1,270
20260208,67,2,14,1,154
20260208,67,3,14,3,442
20260208,67,4,14,3,466
20260208,68,2,4,1,165
20260208,68,2,14,1,160
20260208,68,3,14,1,132
20260208,68,5,14,2,515
20260208,69,2,14,1,156
20260208,69,3,4,1,135
20260208,69,4,4,2,304
20260208,69,4,14,4,573
20260208,69,5,4,1,255
20260208,69,5,14,1,245
20260208,70,2,4,1,166
20260208,70,2,14,1,151
20260208,70,3,4,1,145
20260208,70,3,14,1,158
20260208,70,4,14,2,306
20260208,70,5,4,1,258
20260208,71,2,14,1,161
20260208,71,3,4,1,137
20260208,71,4,4,2,294
20260208,72,2,4,2,274
20260208,72,4,4,1,145
20260208,72,4,10,1,136
20260208,73,2,10,1,137
20260208,73,3,4,2,259
20260208,73,4,4,4,593
20260208,73,5,4,1,271
20260208,74,3,4,2,282
20260208,74,4,4,2,305
20260208,74,5,4,1,259
20260208,75,2,4,1,168
20260208,75,2,10,1,155
20260208,75,4,4,1,162
20260208,78,3,15,2,306
20260208,78,4,15,2,318
20260208,78,5,15,1,238
20260208,79,2,15,3,433
20260208,79,4,15,3,455
20260208,79,5,15,1,232
20260208,80,2,15,1,162
20260208,80,3,15,2,284
20260208,80,4,0,1,159
20260208,80,4,15,1,159
20260208,80,5,15,2,546
20260208,81,2,0,1,156
20260208,81,3,0,2,267
20260208,81,4,15,1,135
20260208,81,5,15,1,280
20260208,82,2,15,1,160
20260208,82,3,5,1,132
20260208,82,4,15,3,451
20260208,82,5,15,2,563
20260208,83,2,5,3,431
20260208,83,2,15,2,291
20260208,83,4,5,2,292
20260208,83,4,15,1,137
20260208,84,2,5,3,415
20260208,84,3,5,2,307
20260208,84,4,5,2,328
20260208,86,2,5,4,601
20260208,86,3,5,2,283
20260208,86,4,5,1,148
20260208,86,5,5,1,262
20260208,90,5,0,1,291
20260208,91,2,0,1,157
20260209,22,2,11,1,144
20260209,22,3,11,1,133
20260209,22,4,11,2,315
20260209,23,2,11,1,153
20260209,23,3,11,1,119
20260209,23,4,11,2,289
20260209,24,2,0,1,144
20260209,24,2,11,1,129
20260209,24,3,11,2,285
20260209,24,4,11,1,141
20260209,25,2,11,1,150
20260209,25,3,11,1,128
20260209,25,4,11,1,134
20260209,26,3,11,2,266
20260209,26,5,1,1,225
20260209,27,2,1,1,156
20260209,27,2,11,1,128
20260209,27,4,1,5,757
20260209,27,4,11,3,420
20260209,27,5,1,1,251
20260209,27,5,11,2,549
20260209,28,2,11,1,134
20260209,28,3,11,1,144
20260209,28,4,1,2,287
20260209,28,4,11,1,158
20260209,28,5,1,1,257
20260209,29,2,11,1,134
20260209,29,3,1,1,119
20260209,29,3,11,1,134
20260209,29,4,1,3,405
20260209,29,4,11,1,156
20260209,29,5,1,1,280
20260209,29,5,11,2,487
20260209,30,4,1,2,291
20260209,30,5,10,1,259
20260209,31,2,1,1,151
20260209,31,3,1,1,128
20260209,32,4,1,1,152
20260209,32,5,1,1,230
20260209,33,2,1,1,160
20260209,33,3,1,1,152
20260209,33,5,1,1,275
20260209,34,2,0,1,135
20260209,36,2,0,2,319
20260209,37,5,10,1,256
20260209,38,2,12,1,145
20260209,38,4,12,1,150
20260209,38,5,12,1,259
20260209,39,4,12,2,283
20260209,39,5,0,1,237
20260209,40,2,12,1,139
20260209,40,3,12,4,530
20260209,40,4,12,1,150
20260209,40,5,12,1,248
20260209,41,3,12,2,285
20260209,41,4,12,1,137
20260209,42,2,12,1,130
20260209,42,4,2,2,312
20260209,42,4,12,3,427
20260209,42,5,2,1,269
20260209,42,5,12,1,225
20260209,43,2,2,4,600
20260209,43,2,12,2,298
20260209,43,3,12,1,151
20260209,43,4,2,2,287
20260209,43,4,12,1,133
20260209,43,5,12,1,250
20260209,44,2,2,1,153
20260209,45,4,2,2,286
20260209,46,2,2,1,134
20260209,46,4,2,3,429
20260209,46,5,2,1,279
20260209,47,3,2,1,151
20260209,47,4,2,2,292
20260209,47,5,2,1,284
20260209,50,3,13,1,125
20260209,50,4,13,1,135
20260209,50,5,13,1,247
20260209,51,3,13,1,137
20260209,51,4,13,4,605
20260209,52,2,13,2,299
20260209,52,4,13,3,414
20260209,52,5,13,1,272
20260209,53,2,0,1,136
20260209,53,3,0,1,123
20260209,53,4,13,3,447
20260209,53,5,13,1,235
20260209,54,3,13,1,119
20260209,54,4,13,1,140
20260209,54,5,3,2,478
20260209,54,5,13,1,259
20260209,55,3,3,1,129
20260209,55,3,13,1,147
20260209,55,4,3,1,131
20260209,55,4,13,3,439
20260209,55,5,13,1,235
20260209,56,2,3,2,304
20260209,56,3,3,1,141
20260209,56,4,3,2,303
20260209,56,5,3,2,498
20260209,57,2,10,1,139
20260209,58,2,3,2,293
20260209,58,3,3,2,268
20260209,58,4,3,4,600
20260209,58,5,3,1,264
20260209,59,2,3,3,452
20260209,59,4,3,3,448
20260209,59,5,3,1,270
20260209,60,5,10,1,235
20260209,61,4,0,1,138
20260209,61,5,0,2,497
20260209,62,3,10,1,150
20260209,63,5,10,1,252
20260209,64,2,14,1,156
20260209,64,3,14,1,123
20260209,64,4,14,3,440
20260209,64,5,14,1,236
20260209,65,2,14,2,283
20260209,65,3,14,2,276
20260209,65,4,14,2,263
20260209,65,5,14,1,274
20260209,66,4,14,3,447
20260209,66,5,14,1,246
20260209,67,2,14,1,133
20260209,67,4,14,1,141
20260209,68,2,4,2,295
20260209,68,3,4,2,277
20260209,68,3,14,2,267
20260209,68,4,4,1,128
20260209,68,5,4,1,245
20260209,69,2,14,1,160
20260209,69,3,4,2,278
20260209,69,3,14,1,150
20260209,69,4,14,1,139
20260209,70,2,4,1,161
20260209,70,2,14,1,157
20260209,70,4,14,1,133
20260209,70,5,4,2,525
20260209,71,2,14,2,281
20260209,71,3,14,1,122
20260209,71,4,4,1,144
20260209,71,4,14,1,147
20260209,71,5,4,1,249
20260209,71,5,14,1,234
20260209,72,2,10,1,156
20260209,72,3,4,1,125
20260209,72,5,4,2,460
20260209,73,2,4,1,144
20260209,73,5,4,1,274
20260209,74,3,4,2,259
20260209,74,4,4,2,296
20260209,75,2,4,1,133
20260209,75,3,4,2,294
20260209,75,4,4,1,141
20260209,75,5,4,1,242
20260209,76,5,0,1,258
20260209,77,2,0,1,148
20260209,78,3,15,2,276
20260209,78,4,15,1,135
20260209,78,5,15,2,529
20260209,79,2,15,1,130
20260209,79,4,0,3,442
20260209,79,5,15,1,259
20260209,80,2,15,1,139
20260209,80,3,15,1,139
20260209,80,4,15,4,590
20260209,81,3,15,1,128
20260209,81,4,15,1,128
20260209,81,5,15,1,243
20260209,82,2,5,2,290
20260209,82,2,15,2,305
20260209,82,4,5,3,418
20260209,82,4,15,1,150
20260209,82,5,5,2,530
20260209,82,5,15,1,264
20260209,83,2,5,3,404
20260209,83,2,15,1,149
20260209,83,3,5,1,125
20260209,83,4,5,1,142
20260209,83,5,15,1,230
20260209,84,2,5,1,160
20260209,84,3,5,1,120
20260209,85,3,5,1,122
20260209,85,5,5,2,487
20260209,86,2,5,1,149
20260209,86,3,10,1,134
20260209,86,5,5,1,237
20260209,86,5,10,1,222
20260209,87,2,5,2,280
20260209,87,3,5,1,141
20260209,87,4,5,1,160
20260209,88,4,0,1,131
20260209,89,3,0,1,134
20260209,90,2,10,1,144
20260210,22,2,11,1,149
20260210,22,4,11,2,257
20260210,23,3,11,1,120
20260210,23,4,11,1,138
20260210,24,5,11,2,491
20260210,25,5,11,2,504
20260210,26,2,1,1,135
20260210,26,3,1,1,121
20260210,26,3,11,1,125
20260210,26,4,1,2,257
20260210,26,4,11,1,140
20260210,26,5,1,2,467
20260210,26,5,11,1,240
20260210,27,2,1,2,274
20260210,27,3,1,2,268
20260210,27,3,11,1,126
20260210,28,2,1,1,120
20260210,28,2,11,2,291
20260210,28,3,1,1,118
20260210,28,5,1,2,462
20260210,29,2,1,1,146
20260210,29,2,11,1,131
20260210,29,3,1,1,126
20260210,29,4,1,3,409
20260210,29,4,11,3,386
20260210,30,2,1,1,119
20260210,30,3,1,1,111
20260210,30,3,10,1,114
20260210,30,4,1,1,131
20260210,30,4,10,1,126
20260210,30,5,1,1,232
20260210,31,4,1,1,141
20260210,32,4,1,1,141
20260210,33,2,10,1,129
20260210,33,5,1,1,208
20260210,35,5,0,1,235
20260210,37,3,10,1,119
20260210,37,4,0,1,138
20260210,38,2,12,2,257
20260210,38,3,12,3,375
20260210,38,4,12,3,376
20260210,38,5,12,1,232
20260210,39,2,12,1,140
20260210,39,3,12,3,391
20260210,39,4,12,1,141
20260210,39,5,12,2,457
20260210,40,2,12,3,374
20260210,40,3,12,1,124
20260210,40,4,12,1,141
20260210,40,5,12,2,475
20260210,41,2,12,1,140
20260210,41,3,12,1,126
20260210,41,4,12,2,256
20260210,41,5,12,1,210
20260210,42,2,12,2,274
20260210,42,3,12,1,125
20260210,42,4,2,1,119
20260210,42,4,12,1,123
20260210,42,5,2,2,486
20260210,42,5,12,1,261
20260210,43,2,12,1,137
20260210,43,4,12,1,119
20260210,43,5,2,1,266
20260210,43,5,12,1,262
20260210,44,2,2,3,403
20260210,44,4,2,3,384
20260210,44,4,10,1,149
20260210,44,5,2,1,235
20260210,45,2,2,4,530
20260210,45,3,2,2,236
20260210,46,2,2,1,141
20260210,46,3,2,3,345
20260210,47,2,2,2,276
20260210,48,2,0,2,248
20260210,48,4,0,1,143
20260210,49,2,0,1,136
20260210,49,4,10,1,132
20260210,50,5,13,1,224
20260210,51,4,13,5,677
20260210,52,2,13,1,148
20260210,52,4,13,1,147
20260210,53,2,13,2,283
20260210,53,3,13,1,126
20260210,53,4,13,1,145
20260210,53,5,13,2,453
20260210,54,2,3,1,141
20260210,54,2,13,2,242
20260210,54,3,13,2,267
20260210,54,4,3,1,149
20260210,54,5,13,1,240
20260210,55,2,3,1,138
20260210,55,2,13,1,122
20260210,55,3,3,2,262
20260210,55,4,3,1,120
20260210,55,5,3,1,207
20260210,55,5,13,2,484
20260210,56,2,3,3,393
20260210,56,2,10,1,129
20260210,56,4,10,1,134
20260210,56,5,3,2,436
20260210,57,2,3,1,140
20260210,57,2,10,1,138
20260210,57,3,3,2,250
20260210,57,4,3,3,413
20260210,58,3,3,1,111
20260210,58,4,3,1,134
20260210,58,5,3,1,228
20260210,58,5,10,1,236
20260210,59,2,3,2,269
20260210,59,3,3,1,137
20260210,59,4,3,2,295
20260210,60,5,10,1,223
20260210,63,5,10,1,211
20260210,64,2,14,1,132
20260210,64,3,14,1,141
20260210,64,5,14,2,470
20260210,65,2,14,2,270
20260210,65,3,0,1,118
20260210,65,3,14,1,112
20260210,66,2,14,2,251
20260210,66,3,14,1,115
20260210,66,4,14,1,120
20260210,67,3,14,1,137
20260210,67,4,14,2,266
20260210,68,2,4,2,277
20260210,68,3,4,3,334
20260210,68,3,14,2,229
20260210,68,4,4,1,128
20260210,68,4,14,2,270
20260210,69,2,14,2,284
20260210,69,3,14,1,117
20260210,69,4,4,2,275
20260210,69,4,14,1,148
20260210,69,5,4,2,442
20260210,70,2,14,2,292
20260210,70,3,4,3,368
20260210,70,3,14,1,119
20260210,70,4,14,3,427
20260210,70,5,4,1,220
20260210,70,5,14,2,498
20260210,71,2,4,2,281
20260210,72,2,4,1,149
20260210,72,5,4,2,500
20260210,73,2,4,1,142
20260210,73,3,4,1,139
20260210,73,4,4,2,283
20260210,73,5,10,1,266
20260210,74,4,4,1,122
20260210,75,2,4,1,140
20260210,75,2,10,1,136
20260210,75,3,4,1,132
20260210,76,2,0,1,124
20260210,76,3,0,1,133
20260210,78,2,0,1,144
20260210,78,3,15,1,122
20260210,78,4,15,1,143
20260210,79,3,15,1,136
20260210,79,4,15,1,130
20260210,79,5,0,1,221
20260210,80,2,15,3,379
20260210,80,3,15,1,133
20260210,80,5,0,1,251
20260210,81,2,15,3,400
20260210,81,4,0,1,134
20260210,81,4,15,2,290
20260210,82,2,5,1,119
20260210,82,2,15,1,132
20260210,82,3,5,2,250
20260210,82,3,15,1,130
20260210,82,4,5,3,408
20260210,82,4,15,3,428
20260210,82,5,15,1,263
20260210,83,2,5,1,127
20260210,83,2,15,4,532
20260210,83,3,15,2,238
20260210,83,4,5,2,267
20260210,83,4,15,2,265
20260210,83,5,5,1,225
20260210,83,5,15,2,483
20260210,84,2,5,1,141
20260210,84,3,5,2,239
20260210,84,4,5,1,124
20260210,84,5,10,1,251
20260210,85,2,5,2,298
20260210,85,3,5,1,138
20260210,85,4,5,1,123
20260210,85,5,10,1,241
20260210,86,2,5,1,124
20260210,86,3,5,2,249
20260210,86,4,5,2,259
20260210,87,2,5,1,149
20260210,87,3,5,1,122
20260210,87,4,5,3,418
20260210,87,5,5,1,234
20260210,87,5,10,1,212
20260210,89,3,0,1,119
20260210,91,2,0,1,135
20260211,22,3,11,2,277
20260211,22,4,11,1,132
20260211,22,5,11,2,488
20260211,23,2,11,3,393
20260211,23,3,11,1,144
20260211,23,4,11,1,123
20260211,24,2,11,1,133
20260211,25,2,11,2,249
20260211,25,4,11,2,274
20260211,26,2,11,1,132
20260211,26,4,1,2,265
20260211,26,5,1,1,258
20260211,27,2,1,1,123
20260211,27,4,1,1,134
20260211,27,5,1,1,255
20260211,27,5,11,2,504
20260211,28,3,11,1,134
20260211,28,4,11,1,126
20260211,28,5,11,1,226
20260211,29,2,11,1,127
20260211,29,3,1,3,390
20260211,29,3,11,1,132
20260211,30,3,10,1,130
20260211,30,4,1,1,149
20260211,30,5,1,1,227
20260211,31,2,1,1,153
20260211,32,2,1,1,131
20260211,32,4,1,3,431
20260211,32,5,1,1,258
20260211,33,2,1,3,404
20260211,33,4,1,4,593
20260211,33,4,10,1,127
20260211,33,5,1,2,482
20260211,34,3,0,1,141
20260211,36,4,10,1,131
20260211,37,4,10,1,125
20260211,38,2,12,3,412
20260211,38,4,12,2,281
20260211,39,2,12,2,252
20260211,39,4,12,2,292
20260211,39,5,12,2,492
20260211,40,2,12,2,296
20260211,40,3,12,1,140
20260211,40,4,12,2,287
20260211,40,5,0,1,265
20260211,41,3,12,3,386
20260211,41,5,12,2,487
20260211,42,2,2,2,260
20260211,42,2,12,3,409
20260211,42,3,12,1,141
20260211,42,4,2,3,415
20260211,42,4,12,3,389
20260211,42,5,2,1,274
20260211,42,5,12,3,743
20260211,43,2,12,1,124
20260211,43,3,12,1,133
20260211,43,4,12,2,260
20260211,43,5,12,1,219
20260211,44,2,2,1,141
20260211,44,2,10,1,153
20260211,44,3,2,2,241
20260211,44,5,2,1,263
20260211,45,2,2,1,148
20260211,45,3,2,1,145
20260211,45,4,2,2,284
20260211,45,5,2,2,533
20260211,46,2,2,1,127
20260211,46,3,2,2,237
20260211,46,4,2,4,529
20260211,47,2,2,2,247
20260211,47,2,10,1,131
20260211,47,3,2,2,266
20260211,47,4,2,1,124
20260211,48,5,0,1,212
20260211,50,2,13,3,405
20260211,50,4,13,2,263
20260211,51,2,13,2,277
20260211,51,4,13,1,129
20260211,51,5,13,3,684
20260211,52,2,13,2,274
20260211,52,3,13,1,116
20260211,52,5,13,1,271
20260211,53,2,13,2,270
20260211,53,4,13,1,142
20260211,53,5,13,1,232
20260211,54,2,3,2,266
20260211,54,2,13,3,408
20260211,54,3,3,1,123
20260211,54,4,3,2,262
20260211,54,4,13,1,150
20260211,54,5,3,1,213
20260211,54,5,13,1,262
20260211,55,2,3,2,278
20260211,55,2,13,1,131
20260211,55,4,3,3,422
20260211,55,4,13,1,132
20260211,55,5,3,1,254
20260211,55,5,13,3,739
20260211,56,2,3,1,144
20260211,56,3,3,1,138
20260211,56,4,3,1,124
20260211,56,5,3,1,273
20260211,57,2,3,1,143
20260211,57,3,3,1,114
20260211,57,5,3,1,266
20260211,58,2,3,1,136
20260211,58,3,3,1,121
20260211,59,4,3,3,410
20260211,59,5,3,1,249
20260211,62,5,0,1,239
20260211,64,3,14,1,114
20260211,64,4,0,1,128
20260211,64,4,14,2,281
20260211,65,3,14,1,127
20260211,65,4,14,1,141
20260211,65,5,14,2,487
20260211,66,2,14,1,132
20260211,66,4,14,1,135
20260211,66,5,0,1,232
20260211,66,5,14,2,491
20260211,67,2,14,1,143
20260211,67,4,14,1,123
20260211,67,5,0,1,242
20260211,68,3,4,1,136
20260211,68,5,4,1,236
20260211,69,3,14,1,120
20260211,69,4,4,2,282
20260211,69,5,4,1,231
20260211,70,2,14,1,144
20260211,70,3,4,2,279
20260211,70,3,14,1,141
20260211,70,4,4,1,141
20260211,70,5,4,1,216
20260211,70,5,14,2,524
20260211,71,2,4,1,146
20260211,71,2,14,3,406
20260211,71,3,14,1,141
20260211,71,4,4,2,278
20260211,71,4,14,3,412
20260211,71,5,4,1,223
20260211,71,5,14,1,218
20260211,72,2,4,3,422
20260211,72,3,4,1,128
20260211,72,5,4,3,697
20260211,73,2,4,1,125
20260211,74,4,4,2,259
20260211,75,2,4,2,293
20260211,75,3,4,1,133
20260211,75,5,4,1,266
20260211,76,3,0,1,131
20260211,77,5,10,1,242
20260211,78,2,15,4,544
20260211,78,5,15,2,506
20260211,79,2,15,2,263
20260211,79,3,15,1,114
20260211,79,4,0,1,124
20260211,79,4,15,1,137
20260211,80,2,15,2,286
20260211,80,3,15,3,374
20260211,80,4,15,2,270
20260211,80,5,15,2,494
20260211,81,2,15,2,283
20260211,81,3,0,1,121
20260211,81,3,15,1,113
20260211,81,4,15,2,254
20260211,82,2,5,2,269
20260211,82,3,5,2,251
20260211,82,3,15,1,125
20260211,82,4,5,1,129
20260211,82,4,15,3,387
20260211,82,5,15,1,258
20260211,83,2,15,1,132
20260211,83,3,15,1,131
20260211,83,5,5,2,466
20260211,83,5,15,1,229
20260211,84,2,5,1,133
20260211,84,3,5,2,260
20260211,84,4,5,2,278
20260211,85,2,10,1,125
20260211,85,3,10,1,132
20260211,85,4,5,2,273
20260211,85,4,10,1,133
20260211,85,5,5,1,268
20260211,86,2,5,1,135
20260211,86,2,10,1,125
20260211,86,3,5,2,259
20260211,86,4,5,1,133
20260211,86,5,5,1,236
20260211,87,2,5,2,271
20260211,87,3,5,1,118
20260211,87,5,5,1,229
20260211,88,4,10,2,290
20260211,91,2,0,1,132
20260212,22,2,11,2,293
20260212,22,4,11,1,156
20260212,22,5,11,1,246
20260212,23,3,11,2,291
20260212,23,4,11,3,439
20260212,24,2,0,1,158
20260212,24,2,11,3,445
20260212,24,4,11,3,435
20260212,24,5,0,1,249
20260212,24,5,11,1,262
20260212,25,2,11,1,135
20260212,25,3,0,1,134
20260212,25,3,11,2,266
20260212,25,5,11,1,278
20260212,26,2,1,1,133
20260212,26,3,1,1,135
20260212,26,3,11,2,256
20260212,26,4,1,2,273
20260212,26,4,11,1,139
20260212,27,2,1,3,412
20260212,27,2,11,1,128
20260212,27,3,1,1,137
20260212,27,3,11,1,123
20260212,27,4,11,1,131
20260212,28,2,1,1,149
20260212,28,2,11,1,142
20260212,28,3,11,1,139
20260212,28,4,11,1,135
20260212,28,5,1,1,247
20260212,28,5,11,1,245
20260212,29,2,1,2,289
20260212,29,2,11,2,314
20260212,29,3,1,1,139
20260212,29,3,11,2,301
20260212,29,4,1,1,144
20260212,29,4,11,1,156
20260212,29,5,11,1,286
20260212,30,4,1,2,284
20260212,31,2,1,2,262
20260212,31,3,1,2,261
20260212,31,4,1,2,264
20260212,31,4,10,2,299
20260212,32,3,1,2,270
20260212,32,5,1,1,241
20260212,33,3,1,1,149
20260212,33,4,1,1,161
20260212,33,5,1,1,243
20260212,34,2,10,1,130
20260212,34,5,10,1,282
20260212,36,2,0,1,133
20260212,36,3,0,1,148
20260212,38,4,12,3,456
20260212,38,5,12,1,250
20260212,39,2,12,1,138
20260212,39,3,12,4,555
20260212,39,4,12,2,291
20260212,40,2,12,1,141
20260212,40,4,12,4,558
20260212,40,5,12,1,235
20260212,41,2,12,1,137
20260212,41,4,12,2,273
20260212,42,2,2,1,131
20260212,42,4,2,1,129
20260212,42,4,12,2,304
20260212,43,2,2,2,291
20260212,43,3,12,1,150
20260212,43,4,2,3,425
20260212,43,5,2,1,255
20260212,43,5,12,1,232
20260212,44,2,2,2,281
20260212,44,4,2,1,157
20260212,44,5,10,1,234
20260212,45,2,2,1,160
20260212,45,3,2,2,282
20260212,45,4,2,2,265
20260212,45,5,2,2,527
20260212,46,2,2,2,305
20260212,46,4,2,3,431
20260212,46,5,10,2,495
20260212,47,2,10,1,160
20260212,47,3,2,2,266
20260212,47,4,2,1,139
20260212,47,5,2,1,282
20260212,48,5,10,1,288
20260212,49,2,0,1,134
20260212,49,4,10,1,155
20260212,50,2,13,1,146
20260212,50,3,13,2,263
20260212,50,4,13,4,563
20260212,50,5,13,1,263
20260212,51,2,0,1,156
20260212,51,2,13,2,293
20260212,51,4,0,1,139
20260212,51,4,13,2,291
20260212,51,5,13,3,742
20260212,52,2,13,1,138
20260212,52,3,13,3,404
20260212,52,4,13,5,750
20260212,53,3,13,1,135
20260212,53,4,13,2,263
20260212,54,2,3,1,152
20260212,54,2,13,4,571
20260212,54,3,13,1,122
20260212,54,4,3,1,128
20260212,54,4,13,2,265
20260212,54,5,3,1,243
20260212,54,5,13,1,228
20260212,55,2,13,2,278
20260212,55,3,3,3,407
20260212,55,3,13,1,127
20260212,55,4,3,2,319
20260212,55,4,13,4,578
20260212,55,5,3,1,282
20260212,55,5,13,1,241
20260212,56,3,3,1,120
20260212,56,4,3,1,150
20260212,56,4,10,1,133
20260212,57,2,3,2,278
20260212,57,3,3,1,144
20260212,58,2,3,2,270
20260212,58,3,3,1,120
20260212,58,4,3,2,268
20260212,58,5,3,1,285
20260212,59,3,10,1,135
20260212,60,3,0,1,141
20260212,61,2,0,1,129
20260212,62,3,10,2,274
20260212,62,4,0,1,138
20260212,63,3,0,1,146
20260212,64,2,14,2,284
20260212,64,3,14,1,136
20260212,65,2,0,1,130
20260212,65,2,14,2,290
20260212,65,3,14,1,152
20260212,65,4,14,1,151
20260212,65,5,14,1,226
20260212,66,2,14,3,449
20260212,66,3,14,1,137
20260212,67,4,14,1,142
20260212,67,5,14,1,264
20260212,68,2,4,1,156
20260212,68,3,4,1,145
20260212,68,3,14,2,272
20260212,68,4,14,1,161
20260212,68,5,4,3,770
20260212,68,5,14,1,261
20260212,69,2,4,1,152
20260212,69,2,14,1,138
20260212,69,3,14,1,152
20260212,69,4,4,1,157
20260212,69,4,14,1,144
20260212,69,5,4,2,543
20260212,69,5,14,1,227
20260212,70,2,14,1,156
20260212,70,3,14,2,263
20260212,70,4,4,1,130
20260212,71,2,4,2,298
20260212,71,3,4,1,142
20260212,71,3,14,1,140
20260212,71,4,4,3,435
20260212,71,4,14,1,147
20260212,71,5,4,1,240
20260212,71,5,14,1,227
20260212,72,2,4,2,307
20260212,72,3,4,2,272
20260212,72,4,4,3,457
20260212,72,4,10,2,294
20260212,72,5,4,1,272
20260212,73,3,4,2,256
20260212,73,4,4,2,304
20260212,74,2,4,1,151
20260212,74,3,4,3,385
20260212,74,5,4,1,227
20260212,75,2,4,2,301
20260212,75,3,4,1,145
20260212,75,3,10,1,126
20260212,75,4,4,2,283
20260212,76,2,0,1,134
20260212,76,5,0,1,224
20260212,78,3,15,1,138
20260212,78,4,15,2,282
20260212,78,5,0,1,224
20260212,79,2,15,1,145
20260212,79,4,0,2,301
20260212,80,3,15,2,301
20260212,81,3,15,2,272
20260212,82,2,5,1,150
20260212,82,2,15,2,292
20260212,82,4,5,1,137
20260212,82,5,5,1,226
20260212,82,5,15,1,245
20260212,83,2,5,1,140
20260212,83,2,15,4,575
20260212,83,4,5,1,141
20260212,83,4,15,1,152
20260212,83,5,5,1,226
20260212,84,2,5,3,429
20260212,84,5,5,1,271
20260212,85,2,5,1,152
20260212,85,4,5,1,152
20260212,85,5,5,1,229
20260212,86,2,5,1,149
20260212,86,3,5,1,128
20260212,86,3,10,1,140
20260212,86,4,5,1,131
20260212,86,5,5,1,228
20260212,87,2,5,1,142
20260212,87,3,5,1,144
20260212,87,5,5,1,238
20260212,89,2,0,1,151
20260212,90,3,0,1,127
20260212,90,5,0,1,242
20260213,22,2,11,2,330
20260213,23,4,11,3,449
20260213,24,2,11,1,151
20260213,24,3,11,1,131
20260213,24,4,11,3,469
20260213,24,5,11,1,307
20260213,25,2,11,1,169
20260213,25,3,11,1,158
20260213,26,2,1,1,139
20260213,26,2,11,3,441
20260213,26,4,1,2,283
20260213,26,4,11,3,476
20260213,26,5,1,1,310
20260213,27,2,1,1,171
20260213,27,3,1,1,140
20260213,27,4,1,3,489
20260213,27,4,11,2,332
20260213,27,5,11,1,267
20260213,28,2,1,3,453
20260213,28,2,11,1,150
20260213,28,3,1,3,460
20260213,28,3,11,1,149
20260213,28,4,1,1,146
20260213,29,2,1,1,160
20260213,29,2,11,2,315
20260213,29,3,1,1,152
20260213,29,4,1,1,155
20260213,29,4,11,1,155
20260213,29,5,11,2,585
20260213,30,2,1,1,147
20260213,30,3,1,1,137
20260213,30,4,1,1,166
20260213,30,5,1,1,274
20260213,31,2,1,1,155
20260213,31,4,1,1,148
20260213,32,3,1,1,162
20260213,32,4,1,2,313
20260213,32,5,1,1,285
20260213,33,3,1,1,158
20260213,33,3,10,1,164
20260213,37,5,10,1,259
20260213,38,2,12,1,165
20260213,38,3,0,1,161
20260213,38,3,12,2,282
20260213,39,2,12,1,163
20260213,39,5,12,1,306
20260213,40,2,12,2,289
20260213,40,3,12,1,129
20260213,40,5,12,1,265
20260213,41,2,12,2,337
20260213,41,3,0,1,141
20260213,41,3,12,2,285
20260213,41,4,12,2,308
20260213,41,5,12,1,254
20260213,42,2,2,2,325
20260213,42,2,12,3,496
20260213,42,3,2,1,157
20260213,42,3,12,1,159
20260213,42,4,2,3,504
20260213,42,4,12,3,474
20260213,43,3,2,1,157
20260213,43,3,12,2,277
20260213,43,4,2,2,334
20260213,44,2,2,3,476
20260213,44,3,2,1,164
20260213,45,2,2,3,479
20260213,45,3,10,1,164
20260213,45,4,2,3,448
20260213,45,5,2,2,516
20260213,46,2,2,4,621
20260213,46,3,10,1,162
20260213,46,4,2,2,297
20260213,46,5,2,3,851
20260213,47,2,2,1,138
20260213,47,3,2,2,324
20260213,47,3,10,1,137
20260213,47,4,10,1,151
20260213,47,5,2,2,599
20260213,48,2,0,1,151
20260213,48,4,10,1,174
20260213,50,2,13,2,315
20260213,50,3,13,1,131
20260213,50,4,13,2,323
20260213,50,5,13,1,265
20260213,51,4,13,2,338
20260213,51,5,13,1,300
20260213,52,2,13,1,172
20260213,52,3,13,5,738
20260213,52,4,13,1,157
20260213,52,5,0,1,261
20260213,53,2,13,1,143
20260213,53,3,13,1,162
20260213,53,4,13,2,342
20260213,53,5,13,1,271
20260213,54,2,3,2,335
20260213,54,4,3,4,646
20260213,54,5,3,2,581
20260213,54,5,13,1,291
20260213,55,2,3,2,288
20260213,55,2,13,1,152
20260213,55,3,3,1,138
20260213,55,3,13,3,425
20260213,55,4,13,1,159
20260213,55,5,13,1,274
20260213,56,2,3,1,139
20260213,56,3,3,2,291
20260213,56,4,3,2,310
20260213,56,5,3,1,241
20260213,57,4,3,2,292
20260213,58,2,3,2,306
20260213,58,3,3,1,137
20260213,58,5,3,1,264
20260213,59,2,10,1,138
20260213,59,4,3,3,460
20260213,59,4,10,1,139
20260213,59,5,3,2,548
20260213,60,2,0,1,167
20260213,61,4,10,1,152
20260213,61,5,10,2,543
20260213,62,5,10,1,256
20260213,63,5,10,1,302
20260213,64,2,14,1,174
20260213,64,5,14,1,292
20260213,65,2,14,3,447
20260213,65,3,14,1,142
20260213,65,4,14,1,146
20260213,66,2,14,1,152
20260213,66,4,14,1,173
20260213,66,5,0,1,308
20260213,67,2,0,1,169
20260213,67,4,14,1,151
20260213,68,3,14,1,130
20260213,68,4,14,3,463
20260213,68,5,14,2,588
20260213,69,2,4,1,150
20260213,69,2,14,1,145
20260213,69,3,4,1,138
20260213,69,4,14,1,163
20260213,69,5,4,1,281
20260213,69,5,14,1,307
20260213,70,3,14,3,463
20260213,70,4,14,1,171
20260213,70,5,4,1,245
20260213,70,5,14,1,257
20260213,71,2,4,1,164
20260213,71,2,14,1,162
20260213,71,4,4,4,644
20260213,71,5,4,1,251
20260213,72,4,4,1,158
20260213,73,4,4,2,310
20260213,73,4,10,1,162
20260213,74,2,4,1,161
20260213,74,3,4,1,146
20260213,74,5,4,1,285
20260213,75,2,4,1,140
20260213,75,5,4,1,257
20260213,76,2,0,1,150
20260213,78,2,15,1,161
20260213,78,3,15,3,408
20260213,78,4,15,1,165
20260213,78,5,15,1,252
20260213,79,2,15,2,305
20260213,79,5,15,1,282
20260213,80,2,15,4,687
20260213,80,4,15,1,140
20260213,80,5,15,1,263
20260213,81,3,15,1,140
20260213,81,4,0,1,143
20260213,81,4,15,1,141
20260213,82,2,5,3,464
20260213,82,3,5,2,280
20260213,82,4,5,2,300
20260213,82,4,15,3,442
20260213,82,5,15,1,264
20260213,83,2,5,1,152
20260213,83,3,5,1,156
20260213,83,3,15,1,132
20260213,83,4,5,2,313
20260213,84,2,5,2,315
20260213,84,5,5,3,877
20260213,85,2,5,1,162
20260213,85,3,5,1,129
20260213,85,4,5,2,323
20260213,85,4,10,1,151
20260213,85,5,5,1,292
20260213,85,5,10,1,252
20260213,86,4,5,1,150
20260213,86,5,5,3,791
20260213,87,2,5,1,157
20260213,87,3,5,3,425
20260213,87,4,5,3,482
20260213,87,5,5,1,239
20260213,89,5,0,1,278
20260213,89,5,10,2,541
20260213,91,2,0,1,149
20260213,91,3,10,1,154
20260214,22,5,11,1,223
20260214,23,2,11,1,123
20260214,23,4,11,3,350
20260214,24,2,0,1,135
20260214,24,2,11,1,128
20260214,24,5,11,2,446
20260214,25,2,11,1,108
20260214,25,4,11,1,118
20260214,26,2,1,1,114
20260214,26,2,11,1,114
20260214,26,4,1,1,126
20260214,26,4,11,1,118
20260214,26,5,11,2,413
20260214,27,2,1,2,267
20260214,27,2,11,1,111
20260214,27,3,11,2,225
20260214,27,4,1,2,261
20260214,28,2,11,1,126
20260214,28,3,1,2,236
20260214,28,5,1,3,651
20260214,28,5,11,1,233
20260214,29,2,11,1,120
20260214,29,3,1,2,233
20260214,29,3,11,1,118
20260214,29,4,11,1,122
20260214,29,5,1,1,199
20260214,29,5,11,1,197
20260214,30,2,1,2,255
20260214,30,3,1,2,218
20260214,30,5,1,1,225
20260214,31,2,1,1,118
20260214,31,3,1,1,109
20260214,31,4,1,3,356
20260214,31,4,10,1,114
20260214,32,2,1,1,124
20260214,32,2,10,1,118
20260214,32,3,1,1,124
20260214,33,2,1,1,111
20260214,33,2,10,1,125
20260214,33,3,1,2,231
20260214,33,4,10,1,124
20260214,33,5,1,1,228
20260214,33,5,10,1,235
20260214,35,5,0,1,192
20260214,36,5,0,1,239
20260214,37,4,10,1,114
20260214,38,2,12,2,249
20260214,38,4,12,4,517
20260214,39,3,12,1,121
20260214,39,4,12,1,137
20260214,39,5,12,3,676
20260214,40,2,12,2,225
20260214,40,3,12,1,126
20260214,40,4,12,2,258
20260214,41,2,12,1,116
20260214,41,3,0,1,120
20260214,42,2,2,2,238
20260214,42,3,12,1,121
20260214,42,4,2,3,383
20260214,42,4,12,1,127
20260214,42,5,2,1,215
20260214,42,5,12,1,218
20260214,43,2,2,2,239
20260214,43,2,12,1,123
20260214,43,3,2,1,115
20260214,43,3,12,1,122
20260214,43,4,2,2,263
20260214,43,4,12,1,134
20260214,43,5,2,2,424
20260214,44,2,2,3,366
20260214,44,3,2,2,242
20260214,44,5,2,1,225
20260214,45,2,2,2,250
20260214,45,3,2,2,223
20260214,45,5,2,1,242
20260214,45,5,10,1,197
20260214,46,2,2,1,116
20260214,46,4,2,2,251
20260214,47,4,2,2,246
20260214,47,5,2,1,227
20260214,48,2,0,1,112
20260214,49,4,0,1,127
20260214,49,5,0,1,225
20260214,50,2,13,1,137
20260214,50,3,13,2,236
20260214,50,4,13,2,231
20260214,51,2,13,1,136
20260214,51,3,13,2,253
20260214,51,4,13,3,390
20260214,52,5,13,1,228
20260214,53,3,13,1,113
20260214,53,4,13,1,125
20260214,53,5,0,1,222
20260214,54,3,13,1,128
20260214,54,4,13,1,113
20260214,54,5,13,2,445
20260214,55,2,3,2,242
20260214,55,2,13,1,127
20260214,55,3,3,1,111
20260214,55,3,13,1,106
20260214,55,4,13,3,386
20260214,55,5,13,1,196
20260214,56,2,3,1,120
20260214,56,3,3,1,111
20260214,56,4,3,1,123
20260214,57,2,3,2,230
20260214,57,4,3,5,609
20260214,57,4,10,1,121
20260214,57,5,3,1,235
20260214,58,2,3,1,130
20260214,58,3,3,3,336
20260214,58,4,3,1,108
20260214,59,2,3,2,235
20260214,59,3,3,2,228
20260214,59,4,3,2,225
20260214,59,5,3,1,194
20260214,60,2,0,1,126
20260214,60,3,10,1,114
20260214,64,2,14,1,115
20260214,64,4,14,2,251
20260214,65,2,14,2,254
20260214,65,4,14,1,116
20260214,65,5,14,1,190
20260214,66,2,14,2,243
20260214,66,4,14,1,123
20260214,66,5,14,1,206
20260214,67,2,14,1,124
20260214,67,4,14,1,129
20260214,68,2,4,1,116
20260214,68,3,4,3,361
20260214,68,3,14,2,237
20260214,68,5,4,1,197
20260214,68,5,14,2,448
20260214,69,2,4,1,110
20260214,69,2,14,1,134
20260214,69,4,4,2,256
20260214,69,4,14,2,229
20260214,69,5,4,1,232
20260214,70,2,4,1,111
20260214,70,2,14,1,136
20260214,70,5,14,1,212
20260214,71,2,4,1,126
20260214,71,3,14,4,438
20260214,71,4,4,3,353
20260214,71,4,14,1,110
20260214,71,5,4,1,205
20260214,71,5,14,1,190
20260214,72,3,4,1,107
20260214,72,4,4,1,129
20260214,73,2,4,1,108
20260214,73,3,4,1,115
20260214,73,4,4,1,113
20260214,74,4,4,1,124
20260214,75,3,4,2,229
20260214,75,5,4,1,204
20260214,76,3,10,1,105
20260214,77,4,10,1,125
20260214,78,3,15,1,113
20260214,79,3,15,1,106
20260214,79,4,15,1,111
20260214,79,5,15,1,243
20260214,80,2,15,1,125
20260214,80,4,0,1,125
20260214,80,4,15,4,523
20260214,80,5,15,1,243
20260214,81,2,15,1,115
20260214,81,4,15,2,250
20260214,82,2,5,1,133
20260214,82,2,15,2,265
20260214,82,3,5,4,459
20260214,82,3,15,3,331
20260214,82,4,15,3,360
20260214,82,5,5,3,657
20260214,82,5,15,2,429
20260214,83,2,5,2,241
20260214,83,2,15,2,234
20260214,83,3,5,1,106
20260214,83,4,5,1,111
20260214,83,4,15,1,118
20260214,84,2,5,1,116
20260214,84,3,5,3,346
20260214,84,4,5,1,125
20260214,84,5,10,1,235
20260214,85,2,5,3,394
20260214,85,3,5,3,354
20260214,85,4,5,1,113
20260214,86,2,5,2,244
20260214,86,3,5,1,112
20260214,86,5,5,1,245
20260214,87,2,5,2,233
20260214,87,3,5,2,248
20260214,87,4,5,4,525
20260214,88,5,10,1,227
20260214,90,3,0,1,108
20260214,90,4,0,1,118
20260215,22,2,11,2,296
20260215,22,3,11,1,150
20260215,22,4,11,2,336
20260215,23,2,11,2,332
20260215,23,3,11,1,138
20260215,23,4,11,1,146
20260215,24,2,11,1,137
20260215,24,3,0,1,140
20260215,24,3,11,2,291
20260215,24,4,0,1,145
20260215,24,4,11,6,882
20260215,24,5,11,2,567
20260215,25,2,11,4,638
20260215,25,3,11,2,303
20260215,25,5,11,1,270
20260215,26,2,11,1,143
20260215,26,3,1,1,140
20260215,27,2,1,1,144
20260215,27,3,1,2,306
20260215,27,4,11,1,146
20260215,28,2,11,1,137
20260215,28,3,1,1,133
20260215,28,3,11,1,126
20260215,28,5,1,1,238
20260215,29,2,1,1,141
20260215,29,2,11,3,444
20260215,29,3,1,1,147
20260215,29,3,11,1,158
20260215,29,4,11,1,137
20260215,29,5,11,2,546
20260215,30,4,1,1,148
20260215,31,4,10,1,134
20260215,32,3,1,1,160
20260215,32,5,1,1,256
20260215,33,2,1,2,283
20260215,33,4,1,1,160
20260215,33,5,1,1,258
20260215,34,2,10,1,163
20260215,34,4,10,1,147
20260215,35,3,10,1,139
20260215,36,5,10,1,250
20260215,38,3,0,1,149
20260215,38,3,12,2,294
20260215,39,2,12,2,279
20260215,39,4,12,2,303
20260215,39,5,12,1,296
20260215,40,4,0,1,167
20260215,40,5,0,1,264
20260215,41,3,12,1,133
20260215,41,4,12,2,305
20260215,42,2,2,1,166
20260215,42,2,12,2,305
20260215,42,3,12,4,569
20260215,42,4,2,2,280
20260215,42,4,12,2,322
20260215,42,5,12,2,538
20260215,43,2,12,1,138
20260215,43,3,12,3,397
20260215,43,4,2,2,292
20260215,43,5,12,1,252
20260215,44,2,10,1,141
20260215,44,4,2,2,314
20260215,44,5,2,2,503
20260215,45,2,2,1,169
20260215,45,3,2,1,132
20260215,45,4,2,3,460
20260215,46,2,2,3,456
20260215,46,3,2,2,289
20260215,46,3,10,1,143
20260215,46,4,2,3,473
20260215,46,5,2,1,251
20260215,47,2,2,3,458
20260215,47,3,2,1,152
20260215,47,4,2,1,143
20260215,47,5,2,1,302
20260215,50,4,13,3,464
20260215,50,5,13,1,285
20260215,51,2,13,2,320
20260215,52,2,13,3,433
20260215,52,4,13,1,138
20260215,52,5,13,1,275
20260215,53,2,13,3,445
20260215,53,4,13,3,429
20260215,54,2,3,2,327
20260215,54,2,13,4,600
20260215,54,3,3,1,151
20260215,54,4,3,1,154
20260215,54,4,13,2,294
20260215,54,5,3,2,596
20260215,54,5,13,2,525
20260215,55,2,13,4,620
20260215,55,4,3,2,289
20260215,55,5,3,1,281
20260215,56,2,3,2,297
20260215,56,3,10,1,132
20260215,56,4,3,2,284
20260215,58,2,3,3,448
20260215,59,2,3,1,168
20260215,59,3,3,1,134
20260215,60,3,0,1,137
20260215,63,5,0,1,273
20260215,64,2,14,2,334
20260215,64,3,14,1,154
20260215,64,4,14,2,291
20260215,65,3,14,1,125
20260215,65,4,0,1,162
20260215,66,2,14,1,140
20260215,66,3,14,1,143
20260215,66,4,14,3,464
20260215,67,2,14,3,479
20260215,67,3,0,1,131
20260215,67,3,14,1,137
20260215,67,4,14,1,162
20260215,68,2,4,2,292
20260215,68,2,14,1,162
20260215,68,3,4,2,297
20260215,68,3,14,1,133
20260215,68,5,14,1,237
20260215,69,2,4,1,135
20260215,69,2,14,1,158
20260215,69,3,14,1,143
20260215,69,4,4,2,316
20260215,69,4,14,1,144
20260215,69,5,4,1,288
20260215,69,5,14,2,566
20260215,70,2,4,1,151
20260215,70,3,4,1,155
20260215,70,4,4,2,296
20260215,70,4,14,2,302
20260215,70,5,14,1,265
20260215,71,2,14,2,287
20260215,71,4,14,2,293
20260215,71,5,4,1,247
20260215,72,2,4,1,166
20260215,72,4,4,2,310
20260215,72,4,10,1,138
20260215,72,5,10,1,285
20260215,73,3,4,1,148
20260215,73,4,10,1,153
20260215,73,5,4,1,285
20260215,74,2,4,3,436
20260215,74,3,10,1,131
20260215,75,4,4,3,454
20260215,77,3,10,1,144
20260215,77,4,0,1,169
20260215,78,2,15,4,591
20260215,78,3,15,2,287
20260215,78,5,15,2,555
20260215,79,2,15,2,311
20260215,79,4,0,1,163
20260215,79,4,15,1,135
20260215,79,5,15,1,281
20260215,80,2,15,2,287
20260215,80,4,15,2,307
20260215,80,5,15,2,557
20260215,81,5,0,1,248
20260215,82,2,5,2,276
20260215,82,3,5,1,129
20260215,82,3,15,1,135
20260215,82,4,5,3,477
20260215,82,4,15,1,145
20260215,83,2,5,3,464
20260215,83,2,15,1,162
20260215,83,3,5,1,147
20260215,83,3,15,1,129
20260215,83,4,5,1,149
20260215,83,4,15,1,161
20260215,84,2,5,1,153
20260215,84,4,5,1,145
20260215,84,5,5,1,242
20260215,85,2,5,3,480
20260215,85,3,5,3,459
20260215,85,4,5,1,165
20260215,86,3,5,1,142
20260215,86,4,5,1,154
20260215,86,5,5,1,241
20260215,87,2,5,2,318
20260215,87,4,5,1,141
20260215,89,5,10,1,266
20260215,90,2,0,1,138
20260215,91,2,0,1,145
20260216,22,2,11,1,132
20260216,22,5,11,2,553
20260216,23,3,11,1,122
20260216,24,2,0,1,154
20260216,24,2,11,2,266
20260216,24,3,11,1,130
20260216,24,4,11,1,136
20260216,25,2,11,1,138
20260216,25,3,11,1,127
20260216,25,4,11,2,278
20260216,25,5,11,1,229
20260216,26,2,1,1,156
20260216,26,4,1,1,135
20260216,26,4,11,1,150
20260216,26,5,1,1,246
20260216,27,2,1,1,141
20260216,27,2,11,1,134
20260216,27,3,1,1,120
20260216,27,4,1,2,309
20260216,27,5,1,1,240
20260216,28,2,1,2,285
20260216,28,2,11,1,151
20260216,28,3,1,2,264
20260216,28,5,1,1,258
20260216,28,5,11,1,261
20260216,29,3,1,2,270
20260216,29,3,11,2,258
20260216,29,5,1,1,238
20260216,30,2,1,3,435
20260216,30,3,1,2,291
20260216,30,4,1,1,129
20260216,30,5,1,1,259
20260216,31,2,1,1,138
20260216,32,2,1,3,430
20260216,32,3,1,2,283
20260216,32,3,10,1,149
20260216,33,2,1,3,435
20260216,33,3,1,2,269
20260216,34,5,10,1,235
20260216,35,5,0,1,245
20260216,36,2,10,1,131
20260216,36,5,0,1,224
20260216,37,5,0,1,244
20260216,38,2,12,1,130
20260216,38,3,12,1,135
20260216,38,4,12,3,448
20260216,38,5,12,2,455
20260216,39,2,0,1,140
20260216,39,3,12,1,125
20260216,39,4,12,2,290
20260216,39,5,12,2,573
20260216,40,2,12,1,145
20260216,40,4,12,3,422
20260216,40,5,12,1,283
20260216,41,3,12,1,143
20260216,41,4,12,2,283
20260216,41,5,12,2,499
20260216,42,2,2,1,137
20260216,42,2,12,1,133
20260216,42,3,2,1,152
20260216,42,3,12,1,150
20260216,42,4,12,1,135
20260216,42,5,12,3,824
20260216,43,2,12,3,441
20260216,43,3,2,3,425
20260216,43,4,2,4,570
20260216,43,4,12,1,136
20260216,43,5,12,1,284
20260216,44,2,2,1,133
20260216,44,2,10,1,138
20260216,44,3,2,4,568
20260216,44,4,2,2,272
20260216,44,5,10,1,239
20260216,45,2,2,1,159
20260216,45,3,2,3,398
20260216,45,4,2,2,308
20260216,46,2,2,4,557
20260216,46,4,2,2,280
20260216,46,5,2,1,271
20260216,47,2,2,1,138
20260216,47,3,2,3,393
20260216,47,4,2,1,157
20260216,47,5,2,1,230
20260216,49,3,10,1,142
20260216,50,2,13,1,141
20260216,50,3,13,1,128
20260216,50,4,13,1,137
20260216,50,5,13,2,498
20260216,51,4,0,1,139
20260216,51,4,13,2,297
20260216,51,5,0,1,228
20260216,52,2,13,2,309
20260216,52,3,13,3,428
20260216,52,4,13,1,137
20260216,52,5,13,2,465
20260216,53,2,13,1,154
20260216,53,3,13,2,300
20260216,53,4,13,1,145
20260216,54,2,3,1,147
20260216,54,2,13,1,134
20260216,54,3,13,3,444
20260216,54,4,13,1,133
20260216,54,5,3,1,241
20260216,55,2,13,3,430
20260216,55,3,3,2,262
20260216,55,4,3,2,305
20260216,55,4,13,1,135
20260216,55,5,3,1,246
20260216,55,5,13,1,260
20260216,56,4,3,5,715
20260216,57,3,3,1,136
20260216,57,4,3,1,161
20260216,57,5,3,1,248
20260216,58,4,3,2,303
20260216,58,5,3,1,226
20260216,59,2,3,1,150
20260216,59,3,3,1,139
20260216,59,3,10,1,133
20260216,59,4,3,2,294
20260216,59,5,3,2,537
20260216,60,4,0,2,300
20260216,63,3,10,1,133
20260216,64,2,14,1,137
20260216,64,3,14,1,146
20260216,64,5,14,1,274
20260216,65,2,14,2,301
20260216,65,3,0,1,152
20260216,65,3,14,1,139
20260216,65,4,14,1,133
20260216,66,2,14,1,138
20260216,66,4,14,1,152
20260216,67,2,14,1,132
20260216,67,3,14,1,144
20260216,67,4,14,2,308
20260216,67,5,14,1,245
20260216,68,3,4,1,137
20260216,68,3,14,1,144
20260216,68,4,4,2,294
20260216,69,3,14,1,151
20260216,69,5,4,2,508
20260216,70,2,4,2,287
20260216,70,2,14,1,144
20260216,70,3,4,1,120
20260216,70,4,4,2,309
20260216,70,5,4,3,757
20260216,70,5,14,1,256
20260216,71,2,4,1,161
20260216,71,3,4,2,285
20260216,71,3,14,2,286
20260216,71,4,14,1,142
20260216,71,5,4,1,282
20260216,71,5,14,1,221
20260216,72,3,4,1,151
20260216,72,4,4,2,295
20260216,73,2,4,1,144
20260216,73,5,4,1,248
20260216,74,2,4,1,134
20260216,74,3,4,1,134
20260216,74,4,4,1,158
20260216,74,5,4,2,511
20260216,75,2,4,1,149
20260216,75,4,4,1,139
20260216,75,5,4,1,245
20260216,76,4,10,2,308
20260216,78,3,15,1,123
20260216,78,4,15,1,158
20260216,78,5,0,1,238
20260216,78,5,15,1,279
20260216,79,2,15,2,307
20260216,79,3,15,1,126
20260216,79,4,15,2,273
20260216,79,5,15,1,260
20260216,80,2,15,2,293
20260216,80,3,15,1,139
20260216,80,4,15,4,614
20260216,81,2,15,1,145
20260216,81,3,0,1,143
20260216,81,3,15,1,133
20260216,81,4,15,2,281
20260216,81,5,15,1,263
20260216,82,2,15,1,144
20260216,82,4,5,3,421
20260216,82,4,15,3,425
20260216,82,5,5,2,493
20260216,83,2,5,2,277
20260216,83,2,15,1,131
20260216,83,4,5,1,133
20260216,83,4,15,2,298
20260216,83,5,5,1,274
20260216,84,2,5,3,429
20260216,84,3,5,2,281
20260216,84,4,5,2,286
20260216,84,5,5,1,240
20260216,85,2,5,3,432
20260216,85,4,5,1,132
20260216,85,5,5,2,515
20260216,86,2,5,1,139
20260216,86,3,5,1,125
20260216,86,4,5,1,136
20260216,86,4,10,1,138
20260216,86,5,10,1,227
20260216,87,2,5,1,147
20260216,89,4,0,1,145
20260216,91,2,10,2,289
20260217,22,2,11,1,126
20260217,22,3,11,2,254
20260217,22,4,11,1,124
20260217,23,2,11,1,142
20260217,23,3,11,2,259
20260217,24,2,11,1,127
20260217,24,3,11,2,254
20260217,24,5,11,2,507
20260217,25,2,11,1,137
20260217,25,3,11,2,242
20260217,25,4,11,1,131
20260217,25,5,11,2,439
20260217,26,2,11,1,134
20260217,26,3,11,1,138
20260217,26,4,11,2,297
20260217,27,2,1,2,271
20260217,27,4,1,1,126
20260217,27,4,11,2,283
20260217,28,2,11,2,245
20260217,28,3,11,1,138
20260217,28,4,1,1,123
20260217,28,4,11,1,138
20260217,29,2,1,1,129
20260217,29,2,11,2,263
20260217,29,3,1,1,125
20260217,29,4,1,1,139
20260217,29,5,1,1,213
20260217,29,5,11,1,209
20260217,30,2,1,1,130
20260217,30,3,1,3,359
20260217,30,4,1,2,244
20260217,31,5,1,1,216
20260217,32,2,1,2,269
20260217,33,2,1,1,146
20260217,33,3,1,3,381
20260217,33,4,1,2,275
20260217,34,5,0,1,212
20260217,37,3,10,1,139
20260217,38,2,12,1,122
20260217,38,3,12,1,133
20260217,39,2,12,1,145
20260217,39,3,12,1,121
20260217,39,5,12,1,210
20260217,40,2,12,2,271
20260217,40,3,12,1,134
20260217,41,2,12,1,143
20260217,41,3,12,1,119
20260217,41,4,12,1,145
20260217,41,5,12,2,428
20260217,42,2,2,1,134
20260217,42,2,12,1,144
20260217,42,4,2,3,411
20260217,42,4,12,1,138
20260217,42,5,2,1,246
20260217,43,2,2,2,258
20260217,43,2,12,3,373
20260217,43,3,2,1,115
20260217,43,3,12,2,242
20260217,43,4,2,2,261
20260217,43,4,12,2,263
20260217,43,5,2,1,212
20260217,44,2,2,1,129
20260217,44,3,2,1,139
20260217,44,4,2,1,141
20260217,44,5,10,1,213
20260217,45,2,2,1,126
20260217,45,4,10,1,123
20260217,45,5,2,1,207
20260217,46,3,10,1,116
20260217,46,4,2,1,134
20260217,47,2,2,2,244
20260217,47,4,2,5,686
20260217,50,2,13,2,267
20260217,50,3,13,1,135
20260217,50,4,13,1,134
20260217,50,5,13,1,213
20260217,51,2,13,3,387
20260217,51,3,0,1,127
20260217,51,4,0,1,125
20260217,51,4,13,3,431
20260217,52,2,13,2,272
20260217,53,3,13,1,138
20260217,53,4,0,2,271
20260217,53,4,13,2,243
20260217,53,5,13,2,459
20260217,54,2,13,1,136
20260217,54,3,3,2,270
20260217,54,4,3,4,536
20260217,54,4,13,1,135
20260217,55,2,13,2,264
20260217,55,3,3,1,128
20260217,55,3,13,2,274
20260217,55,4,3,2,270
20260217,55,4,13,1,126
20260217,56,2,10,1,137
20260217,56,4,3,1,133
20260217,56,5,3,2,518
20260217,57,2,3,1,141
20260217,57,3,3,1,114
20260217,57,4,3,2,268
20260217,58,5,3,1,215
20260217,59,5,3,1,255
20260217,61,3,0,1,139
20260217,62,3,0,1,125
20260217,63,2,0,1,131
20260217,64,2,14,1,128
20260217,64,4,14,2,260
20260217,66,4,14,2,264
20260217,66,5,14,1,206
20260217,67,4,14,2,266
20260217,68,2,4,1,138
20260217,68,3,4,1,138
20260217,69,2,4,1,138
20260217,69,2,14,1,142
20260217,69,4,4,1,131
20260217,69,4,14,1,134
20260217,69,5,14,1,231
20260217,70,2,14,1,132
20260217,70,4,14,1,124
20260217,70,5,4,1,244
20260217,71,2,14,2,275
20260217,71,3,4,4,552
20260217,72,2,4,1,119
20260217,72,4,4,2,277
20260217,72,4,10,2,287
20260217,73,2,4,2,282
20260217,73,3,4,3,388
20260217,74,4,4,2,271
20260217,74,5,4,2,496
20260217,74,5,10,1,228
20260217,75,3,4,3,380
20260217,75,4,4,2,275
20260217,76,3,0,2,242
20260217,76,3,10,1,111
20260217,77,2,0,1,140
20260217,78,2,15,1,126
20260217,78,4,15,2,274
20260217,78,5,15,1,240
20260217,79,4,15,1,124
20260217,80,2,15,2,267
20260217,80,3,15,1,126
20260217,80,4,15,2,265
20260217,81,2,15,1,131
20260217,81,3,15,1,114
20260217,81,4,15,2,268
20260217,81,5,15,2,502
20260217,82,2,15,2,252
20260217,82,3,5,1,113
20260217,82,4,5,1,142
20260217,82,4,15,4,570
20260217,82,5,5,1,252
20260217,82,5,15,1,245
20260217,83,2,5,1,131
20260217,83,2,15,1,134
20260217,83,3,15,1,139
20260217,83,4,5,1,132
20260217,83,4,15,3,416
20260217,84,2,5,1,145
20260217,84,4,5,4,542
20260217,85,2,5,2,273
20260217,85,4,5,2,285
20260217,85,4,10,1,134
20260217,85,5,5,1,247
20260217,86,2,5,2,259
20260217,86,2,10,1,123
20260217,86,3,5,1,134
20260217,86,4,5,1,122
20260217,87,2,5,2,277
20260217,87,3,5,1,116
20260217,87,4,5,5,681
20260217,89,5,0,1,235
20260217,90,4,10,1,138
20260217,91,2,10,1,141
20260217,91,3,0,2,250
20260218,22,2,11,2,268
20260218,22,3,11,2,282
20260218,22,4,11,1,146
20260218,23,3,11,2,267
20260218,23,4,11,1,144
20260218,24,3,0,1,125
20260218,24,5,11,1,216
20260218,25,5,11,1,268
20260218,26,2,11,1,145
20260218,26,3,1,1,132
20260218,26,3,11,2,251
20260218,26,4,1,2,265
20260218,27,2,1,1,127
20260218,27,3,11,1,124
20260218,27,5,11,2,529
20260218,28,4,1,1,142
20260218,28,5,1,1,242
20260218,28,5,11,2,463
20260218,29,2,1,2,295
20260218,29,3,1,1,140
20260218,29,3,11,1,142
20260218,29,4,1,1,127
20260218,29,4,11,2,287
20260218,29,5,11,2,515
20260218,30,3,1,1,140
20260218,30,4,1,2,276
20260218,30,5,1,1,247
20260218,31,2,1,1,139
20260218,31,3,1,3,387
20260218,31,4,1,4,525
20260218,32,2,1,2,291
20260218,32,3,1,3,382
20260218,33,2,1,2,261
20260218,33,3,1,2,269
20260218,33,4,1,1,145
20260218,34,5,10,1,213
20260218,35,5,10,1,241
20260218,38,2,12,3,422
20260218,38,3,12,2,249
20260218,38,4,12,1,131
20260218,39,2,12,2,272
20260218,39,3,12,1,124
20260218,39,4,12,1,123
20260218,39,5,12,2,465
20260218,40,2,12,2,262
20260218,40,3,12,1,144
20260218,40,4,12,1,127
20260218,41,2,12,2,296
20260218,41,3,12,1,144
20260218,41,4,12,1,133
20260218,41,5,12,1,265
20260218,42,2,2,2,287
20260218,42,3,2,1,125
20260218,42,4,2,1,142
20260218,42,4,12,2,285
20260218,42,5,2,1,259
20260218,42,5,12,1,260
20260218,43,2,12,2,273
20260218,43,3,2,2,248
20260218,43,3,12,2,267
20260218,43,4,2,2,250
20260218,43,4,12,1,136
20260218,43,5,2,1,263
20260218,43,5,12,3,732
20260218,44,4,2,1,124
20260218,45,4,2,1,128
20260218,45,5,2,1,250
20260218,46,2,2,1,138
20260218,46,4,2,2,250
20260218,47,2,2,2,289
20260218,47,4,2,2,278
20260218,50,2,13,2,290
20260218,50,3,13,2,259
20260218,50,4,0,1,136
20260218,50,4,13,1,141
20260218,51,4,13,2,296
20260218,52,2,13,1,128
20260218,52,3,13,3,391
20260218,52,4,13,2,252
20260218,52,5,13,1,217
20260218,53,2,0,1,130
20260218,53,2,13,1,149
20260218,53,4,13,2,277
20260218,53,5,13,1,229
20260218,54,2,3,2,288
20260218,54,3,3,2,266
20260218,54,3,13,3,383
20260218,54,4,3,1,136
20260218,54,4,13,2,255
20260218,54,5,3,1,250
20260218,54,5,13,1,232
20260218,55,3,3,1,113
20260218,55,3,13,1,144
20260218,56,3,3,4,496
20260218,56,4,3,1,126
20260218,57,3,3,1,113
20260218,58,3,3,1,132
20260218,58,4,3,1,129
20260218,58,5,3,2,497
20260218,59,3,3,1,139
20260218,60,5,0,1,274
20260218,65,3,14,1,126
20260218,65,4,0,1,128
20260218,66,4,0,1,143
20260218,66,4,14,1,137
20260218,67,2,0,1,123
20260218,67,2,14,1,128
20260218,67,4,14,2,271
20260218,67,5,14,1,226
20260218,68,3,4,1,141
20260218,68,4,4,4,549
20260218,68,5,4,2,542
20260218,68,5,14,1,257
20260218,69,2,4,2,264
20260218,69,3,14,1,117
20260218,69,4,4,1,140
20260218,69,4,14,1,139
20260218,69,5,4,1,273
20260218,70,3,14,1,139
20260218,70,4,4,1,131
20260218,70,4,14,1,121
20260218,70,5,4,1,220
20260218,71,2,14,2,267
20260218,71,3,4,1,116
20260218,71,3,14,1,133
20260218,71,4,4,2,253
20260218,71,4,14,1,138
20260218,71,5,4,1,266
20260218,72,2,4,2,260
20260218,72,3,4,1,132
20260218,72,4,4,1,146
20260218,73,3,4,1,120
20260218,73,4,4,2,296
20260218,74,2,4,2,284
20260218,74,5,4,1,262
20260218,75,2,4,1,145
20260218,75,2,10,1,138
20260218,75,3,10,1,128
20260218,75,4,10,1,123
20260218,77,2,10,1,124
20260218,77,3,10,1,140
20260218,78,4,15,1,124
20260218,79,2,15,1,150
20260218,79,3,15,1,115
20260218,79,4,15,1,125
20260218,79,5,15,3,750
20260218,80,3,15,1,136
20260218,80,4,15,1,142
20260218,80,5,15,4,952
20260218,81,2,15,1,143
20260218,81,3,15,2,259
20260218,81,4,15,1,152
20260218,82,2,5,1,144
20260218,82,3,5,1,131
20260218,82,4,5,2,276
20260218,82,4,15,3,405
20260218,82,5,5,1,251
20260218,82,5,15,1,258
20260218,83,2,5,1,124
20260218,83,2,15,1,132
20260218,83,3,5,1,121
20260218,83,3,15,1,136
20260218,83,4,5,2,281
20260218,83,4,15,1,144
20260218,83,5,15,1,232
20260218,84,3,5,1,120
20260218,84,4,5,2,277
20260218,84,5,5,2,505
20260218,85,2,10,1,141
20260218,85,3,5,1,120
20260218,85,3,10,1,125
20260218,85,4,5,1,141
20260218,85,5,5,1,252
20260218,86,2,5,2,280
20260218,86,4,5,1,121
20260218,87,4,5,3,429
20260218,87,5,5,1,218
20260219,22,4,11,2,279
20260219,22,5,11,1,233
20260219,23,2,11,2,283
20260219,23,4,11,1,145
20260219,24,2,11,1,128
20260219,24,3,0,1,120
20260219,24,4,11,1,139
20260219,25,4,11,4,599
20260219,26,2,1,3,471
20260219,26,2,11,3,427
20260219,26,4,1,2,293
20260219,26,4,11,3,462
20260219,26,5,1,1,226
20260219,27,2,11,1,141
20260219,27,3,11,2,272
20260219,27,4,1,1,160
20260219,27,4,11,1,159
20260219,27,5,1,1,254
20260219,28,2,1,1,144
20260219,28,2,11,1,144
20260219,28,3,1,2,242
20260219,28,3,11,1,136
20260219,28,4,1,2,275
20260219,28,4,11,1,150
20260219,28,5,1,1,259
20260219,29,2,1,4,581
20260219,29,2,11,1,131
20260219,29,3,1,2,290
20260219,29,4,1,1,133
20260219,30,2,1,1,155
20260219,30,4,1,1,129
20260219,30,4,10,1,150
20260219,30,5,1,1,246
20260219,31,2,1,1,139
20260219,31,4,1,1,150
20260219,31,5,1,1,269
20260219,32,3,1,1,136
20260219,32,4,1,4,554
20260219,33,3,1,1,152
20260219,33,5,1,1,243
20260219,33,5,10,1,265
20260219,34,4,10,1,142
20260219,36,3,10,1,122
20260219,37,2,10,1,149
20260219,37,4,10,1,142
20260219,37,5,0,1,246
20260219,38,3,12,3,415
20260219,38,4,12,2,292
20260219,38,5,12,1,258
20260219,39,2,12,1,146
20260219,39,3,12,2,256
20260219,39,4,12,2,294
20260219,39,5,12,2,532
20260219,40,2,12,1,131
20260219,40,5,12,1,236
20260219,41,2,12,2,288
20260219,41,3,12,1,132
20260219,41,4,12,1,155
20260219,41,5,0,1,266
20260219,42,3,2,1,140
20260219,42,4,2,1,150
20260219,42,5,12,1,285
20260219,43,2,2,1,150
20260219,43,2,12,2,293
20260219,43,3,2,2,251
20260219,43,3,12,1,121
20260219,43,4,2,2,294
20260219,43,4,12,2,291
20260219,43,5,2,2,512
20260219,43,5,12,1,250
20260219,44,4,2,1,139
20260219,45,2,2,3,406
20260219,45,4,2,1,134
20260219,45,5,2,1,268
20260219,46,2,2,2,311
20260219,46,3,2,1,152
20260219,46,4,2,1,139
20260219,47,2,2,1,142
20260219,47,4,2,3,456
20260219,47,5,2,1,243
20260219,50,2,13,1,132
20260219,50,4,0,1,143
20260219,50,4,13,1,145
20260219,50,5,13,1,264
20260219,51,2,13,1,144
20260219,51,4,13,1,155
20260219,52,2,0,1,139
20260219,53,2,13,2,279
20260219,53,3,13,1,133
20260219,53,4,13,3,409
20260219,53,5,13,2,510
20260219,54,2,3,2,312
20260219,54,2,13,3,433
20260219,54,3,13,5,670
20260219,54,4,13,2,287
20260219,54,5,13,3,768
20260219,55,2,3,3,449
20260219,55,2,13,1,134
20260219,55,3,3,1,126
20260219,55,3,13,1,124
20260219,55,4,3,1,151
20260219,55,4,13,3,419
20260219,55,5,3,1,277
20260219,55,5,13,2,475
20260219,56,2,3,1,150
20260219,56,3,3,2,274
20260219,56,4,3,2,294
20260219,56,5,3,2,540
20260219,57,2,3,2,315
20260219,57,4,3,6,833
20260219,57,5,3,1,238
20260219,58,2,3,2,288
20260219,58,3,3,2,276
20260219,58,4,3,2,270
20260219,58,4,10,1,131
20260219,58,5,3,1,233
20260219,59,2,3,3,437
20260219,59,3,3,1,146
20260219,59,4,3,1,128
20260219,59,5,3,1,252
20260219,61,3,0,1,139
20260219,61,4,10,2,310
20260219,62,2,10,1,150
20260219,63,3,0,1,128
20260219,64,2,0,1,135
20260219,64,2,14,1,134
20260219,64,3,14,1,146
20260219,64,4,14,2,282
20260219,64,5,14,1,269
20260219,65,3,0,1,147
20260219,65,3,14,2,273
20260219,65,4,14,1,134
20260219,65,5,14,2,469
20260219,66,2,14,2,286
20260219,67,3,0,1,151
20260219,67,3,14,1,149
20260219,67,5,14,1,287
20260219,68,2,14,1,149
20260219,68,3,4,1,123
20260219,68,3,14,1,148
20260219,68,5,4,2,520
20260219,68,5,14,1,248
20260219,69,3,14,5,697
20260219,69,4,4,1,148
20260219,70,2,14,3,433
20260219,70,3,4,1,145
20260219,70,3,14,2,270
20260219,71,2,4,1,159
20260219,71,2,14,2,262
20260219,71,3,14,2,272
20260219,71,4,4,1,155
20260219,71,5,4,1,285
20260219,72,2,4,1,145
20260219,73,2,4,1,150
20260219,74,2,4,1,153
20260219,74,5,4,2,482
20260219,75,2,10,1,159
20260219,75,4,4,1,160
20260219,75,5,4,1,255
20260219,75,5,10,1,256
20260219,78,2,15,2,295
20260219,78,3,15,1,146
20260219,78,4,15,2,275
20260219,79,2,15,4,581
20260219,79,4,15,3,406
20260219,79,5,15,1,238
20260219,80,2,15,3,422
20260219,80,3,15,2,273
20260219,80,4,15,1,133
20260219,80,5,15,1,248
20260219,81,2,15,1,153
20260219,81,4,15,2,288
20260219,81,5,15,1,253
20260219,82,2,15,2,297
20260219,82,3,15,3,425
20260219,82,5,5,1,240
20260219,82,5,15,1,250
20260219,83,2,5,3,446
20260219,83,2,15,1,156
20260219,83,3,5,1,133
20260219,83,4,5,1,152
20260219,83,4,15,3,420
20260219,83,5,5,1,245
20260219,84,2,5,1,153
20260219,84,3,5,1,136
20260219,84,3,10,1,135
20260219,84,4,5,2,286
20260219,84,5,10,1,264
20260219,85,2,5,1,156
20260219,85,3,5,2,265
20260219,85,4,5,4,565
20260219,86,2,5,2,286
20260219,86,3,5,1,139
20260219,86,4,5,3,457
20260219,86,5,10,1,275
20260219,87,2,5,3,436
20260219,87,3,5,1,124
20260219,87,4,5,1,155
20260220,22,2,11,1,162
20260220,22,3,11,1,158
20260220,22,5,11,2,539
20260220,23,3,11,3,446
20260220,23,4,11,2,313
20260220,23,5,11,1,269
20260220,24,2,11,1,161
20260220,24,3,11,1,147
20260220,24,4,11,1,142
20260220,24,5,11,2,583
20260220,25,2,11,1,174
20260220,26,3,1,1,144
20260220,26,3,11,2,313
20260220,26,4,1,1,146
20260220,26,4,11,1,155
20260220,26,5,1,1,283
20260220,26,5,11,2,518
20260220,27,2,1,2,306
20260220,27,2,11,1,159
20260220,27,3,1,1,150
20260220,27,3,11,2,308
20260220,27,4,1,1,151
20260220,27,4,11,2,330
20260220,27,5,1,2,587
20260220,27,5,11,3,757
20260220,28,2,1,1,139
20260220,28,2,11,2,300
20260220,28,3,11,1,132
20260220,28,4,1,1,172
20260220,28,4,11,1,140
20260220,28,5,1,2,561
20260220,28,5,11,2,533
20260220,29,2,1,2,297
20260220,29,2,11,1,162
20260220,30,2,1,1,166
20260220,30,4,1,2,281
20260220,30,5,1,1,253
20260220,31,2,1,2,320
20260220,31,3,1,1,149
20260220,31,4,1,2,316
20260220,31,5,1,2,559
20260220,32,3,1,1,161
20260220,32,4,1,1,147
20260220,32,5,1,1,240
20260220,33,3,1,1,158
20260220,33,4,1,1,170
20260220,34,3,10,1,149
20260220,35,5,10,1,242
20260220,38,2,12,4,616
20260220,38,3,12,1,161
20260220,38,5,12,1,286
20260220,39,2,12,1,174
20260220,39,3,12,2,305
20260220,39,4,12,2,293
20260220,39,5,12,1,283
20260220,40,2,12,1,148
20260220,40,4,12,3,462
20260220,41,4,12,1,155
20260220,42,2,2,2,304
20260220,42,2,12,2,321
20260220,42,3,12,1,156
20260220,42,4,2,1,173
20260220,42,4,12,2,294
20260220,42,5,12,2,484
20260220,43,2,2,2,323
20260220,43,4,2,1,138
20260220,43,4,12,2,332
20260220,43,5,2,3,820
20260220,43,5,12,2,532
20260220,44,2,2,1,147
20260220,44,4,2,1,149
20260220,45,2,2,1,161
20260220,45,3,2,1,155
20260220,46,2,2,1,158
20260220,46,4,2,2,288
20260220,47,2,2,1,156
20260220,47,3,2,1,129
20260220,47,4,2,1,162
20260220,47,5,2,1,291
20260220,48,2,10,1,151
20260220,49,5,0,1,308
20260220,50,3,13,2,298
20260220,50,4,13,1,144
20260220,50,5,13,1,265
20260220,51,2,13,1,158
20260220,51,3,13,2,298
20260220,51,4,13,2,303
20260220,51,5,13,1,299
20260220,52,2,13,2,287
20260220,52,3,13,2,272
20260220,52,5,0,1,305
20260220,53,2,0,1,152
20260220,53,3,13,1,155
20260220,53,5,13,2,517
20260220,54,2,13,1,167
20260220,54,3,3,1,148
20260220,54,3,13,2,283
20260220,54,4,3,2,290
20260220,54,4,13,2,315
20260220,54,5,13,3,835
20260220,55,2,3,1,161
20260220,55,2,13,3,491
20260220,55,3,3,2,313
20260220,55,3,13,2,293
20260220,55,4,3,2,312
20260220,55,4,13,3,453
20260220,55,5,3,1,280
20260220,56,3,3,1,137
20260220,56,4,3,2,295
20260220,56,5,3,2,575
20260220,57,4,3,1,154
20260220,58,2,3,1,162
20260220,58,3,3,1,138
20260220,58,4,3,1,162
20260220,58,4,10,1,141
20260220,58,5,3,1,258
20260220,58,5,10,1,310
20260220,59,2,3,1,147
20260220,59,3,3,2,307
20260220,60,4,0,1,140
20260220,63,2,0,2,322
20260220,64,2,14,1,158
20260220,64,4,14,1,164
20260220,64,5,0,2,572
20260220,64,5,14,1,309
20260220,65,2,14,1,162
20260220,65,4,14,1,162
20260220,66,2,14,1,140
20260220,66,3,14,2,280
20260220,66,4,14,1,157
20260220,66,5,14,1,304
20260220,67,3,0,1,138
20260220,67,3,14,1,147
20260220,67,5,14,1,286
20260220,68,2,4,2,307
20260220,68,2,14,1,158
20260220,68,4,4,1,154
20260220,68,4,14,1,145
20260220,69,2,4,2,283
20260220,69,2,14,2,298
20260220,69,4,14,2,335
20260220,70,3,4,1,136
20260220,70,3,14,1,140
20260220,70,4,4,1,140
20260220,70,4,14,1,160
20260220,71,2,4,1,154
20260220,71,2,14,2,322
20260220,71,3,14,1,152
20260220,71,4,4,2,324
20260220,71,4,14,2,310
20260220,72,2,4,2,322
20260220,72,2,10,1,163
20260220,72,3,4,1,151
20260220,72,4,4,1,170
20260220,72,5,4,1,283
20260220,73,3,4,1,144
20260220,73,5,4,1,300
20260220,74,2,4,1,172
20260220,74,3,4,1,134
20260220,74,5,4,1,255
20260220,74,5,10,1,295
20260220,75,2,4,1,173
20260220,75,3,4,3,476
20260220,75,5,4,3,865
20260220,76,4,0,1,174
20260220,76,5,0,1,276
20260220,76,5,10,1,260
20260220,78,2,15,2,306
20260220,78,3,15,2,315
20260220,79,3,15,2,281
20260220,79,4,15,1,157
20260220,79,5,15,1,291
20260220,80,4,15,3,463
20260220,80,5,15,3,823
20260220,81,2,15,2,322
20260220,81,4,15,3,472
20260220,82,2,5,4,626
20260220,82,2,15,2,319
20260220,82,3,15,3,428
20260220,82,4,5,4,668
20260220,82,4,15,3,459
20260220,83,2,5,3,458
20260220,83,2,15,3,483
20260220,83,3,5,1,162
20260220,83,3,15,1,131
20260220,83,4,5,2,323
20260220,83,4,15,1,146
20260220,84,2,5,1,158
20260220,84,3,5,1,158
20260220,84,3,10,1,160
20260220,84,4,5,1,162
20260220,84,5,5,1,273
20260220,85,2,5,3,452
20260220,85,3,5,1,142
20260220,85,4,5,1,172
20260220,85,5,5,2,579
20260220,86,2,5,1,165
20260220,86,3,5,1,162
20260220,86,4,5,1,161
20260220,86,5,5,1,271
20260220,87,3,5,2,290
20260220,87,4,5,2,285
20260220,87,5,5,3,841
20260220,88,2,0,1,174
20260220,88,5,0,1,249
20260220,89,4,10,1,162
20260220,91,5,0,1,297
20260221,22,4,11,1,110
20260221,23,2,11,1,115
20260221,23,3,11,2,244
20260221,23,4,11,3,361
20260221,23,5,11,1,238
20260221,25,3,11,1,105
20260221,25,4,11,2,260
20260221,25,5,0,1,244
20260221,25,5,11,1,201
20260221,26,2,1,2,242
20260221,26,3,11,3,330
20260221,26,4,1,1,108
20260221,26,4,11,2,259
20260221,26,5,11,1,197
20260221,27,2,1,1,126
20260221,27,3,1,1,105
20260221,27,3,11,2,206
20260221,27,5,11,1,218
20260221,28,4,1,1,134
20260221,28,5,11,1,230
20260221,29,3,1,2,239
20260221,29,4,1,1,131
20260221,29,4,11,1,137
20260221,29,5,11,2,447
20260221,30,2,1,2,245
20260221,30,3,1,1,103
20260221,30,4,1,3,366
20260221,30,5,10,1,219
20260221,31,3,1,1,124
20260221,32,4,1,2,235
20260221,32,5,1,1,208
20260221,33,3,1,1,129
20260221,33,4,1,2,232
20260221,33,5,1,3,606
20260221,34,3,10,1,112
20260221,34,4,0,1,137
20260221,35,3,0,1,110
20260221,35,4,0,1,116
20260221,38,2,12,1,135
20260221,38,4,12,4,508
20260221,40,2,0,2,265
20260221,40,2,12,2,239
20260221,40,4,12,8,968
20260221,40,5,12,1,226
20260221,41,2,12,2,265
20260221,41,4,12,1,124
20260221,41,5,12,2,466
20260221,42,2,2,2,238
20260221,42,2,12,1,133
20260221,42,3,12,2,232
20260221,42,5,2,2,431
20260221,43,2,12,2,232
20260221,43,4,2,2,244
20260221,43,4,12,2,234
20260221,43,5,12,1,230
20260221,44,2,2,2,240
20260221,44,3,2,2,231
20260221,44,4,2,1,124
20260221,44,5,2,1,235
20260221,45,4,2,2,244
20260221,45,5,2,1,231
20260221,46,4,2,2,235
20260221,47,2,2,3,347
20260221,47,3,10,1,113
20260221,47,4,2,3,372
20260221,47,5,2,1,194
20260221,50,3,13,1,113
20260221,50,4,13,1,118
20260221,50,5,13,1,236
20260221,51,3,0,1,110
20260221,51,3,13,1,119
20260221,51,4,13,2,256
20260221,52,2,0,1,136
20260221,52,4,13,1,134
20260221,53,2,13,2,248
20260221,53,4,13,1,110
20260221,54,2,3,4,492
20260221,54,2,13,2,245
20260221,54,3,3,1,126
20260221,54,4,3,1,124
20260221,54,4,13,1,110
20260221,54,5,3,2,412
20260221,54,5,13,1,219
20260221,55,2,3,2,253
20260221,55,2,13,1,136
20260221,55,3,3,2,216
20260221,55,3,13,1,124
20260221,56,2,3,1,118
20260221,56,3,3,1,107
20260221,56,4,3,5,642
20260221,56,5,3,2,439
20260221,57,2,3,1,110
20260221,57,3,3,2,232
20260221,57,4,3,1,121
20260221,57,4,10,1,126
20260221,58,2,3,4,521
20260221,58,3,3,1,125
20260221,58,4,3,2,243
20260221,59,2,3,3,344
20260221,59,3,10,1,116
20260221,59,4,3,4,491
20260221,59,5,3,1,215
20260221,61,2,0,1,120
20260221,62,4,0,1,124
20260221,63,5,10,1,217
20260221,64,3,14,2,231
20260221,64,4,14,2,248
20260221,65,2,14,1,111
20260221,65,4,14,3,340
20260221,65,5,14,1,222
20260221,66,3,0,1,125
20260221,66,4,14,2,243
20260221,67,4,14,1,122
20260221,67,5,14,1,188
20260221,68,3,4,2,224
20260221,68,3,14,1,107
20260221,68,4,14,2,234
20260221,68,5,14,2,410
20260221,69,2,4,2,227
20260221,69,4,4,1,116
20260221,69,4,14,1,126
20260221,70,4,14,1,110
20260221,70,5,4,2,440
20260221,71,2,14,1,131
20260221,71,4,4,2,245
20260221,71,4,14,1,114
20260221,71,5,4,1,204
20260221,71,5,14,2,442
20260221,72,2,4,1,130
20260221,72,4,4,2,244
20260221,72,5,4,1,245
20260221,73,3,4,1,124
20260221,73,4,4,3,356
20260221,73,5,4,1,231
20260221,74,3,4,1,124
20260221,74,3,10,1,128
20260221,74,4,4,3,374
20260221,74,5,4,1,222
20260221,75,2,4,1,133
20260221,75,3,4,1,124
20260221,75,4,4,2,259
20260221,77,5,10,1,205
20260221,78,2,15,1,121
20260221,78,3,15,1,103
20260221,78,4,15,2,239
20260221,78,5,15,1,193
20260221,79,2,15,1,114
20260221,79,3,15,1,104
20260221,79,5,15,1,192
20260221,80,2,0,1,115
20260221,80,4,15,1,134
20260221,81,2,15,3,340
20260221,81,3,15,1,122
20260221,81,4,0,1,130
20260221,81,4,15,4,468
20260221,81,5,15,1,203
20260221,82,2,5,2,232
20260221,82,3,5,2,230
20260221,82,3,15,1,110
20260221,82,4,5,1,116
20260221,83,2,5,1,126
20260221,83,2,15,1,135
20260221,83,3,5,1,119
20260221,83,4,5,1,109
20260221,83,5,5,3,574
20260221,84,2,10,1,132
20260221,84,3,5,2,234
20260221,84,4,5,3,360
20260221,85,3,5,1,123
20260221,86,2,5,1,120
20260221,86,4,5,1,131
20260221,86,5,5,2,427
20260221,86,5,10,1,188
20260221,88,2,0,2,250
20260221,89,4,0,2,242
20260222,22,2,11,1,155
20260222,22,4,11,2,303
20260222,23,2,11,1,149
20260222,23,3,11,1,137
20260222,23,5,11,1,247
20260222,24,3,11,1,148
20260222,24,4,11,2,308
20260222,25,2,11,2,302
20260222,25,3,11,1,126
20260222,26,3,11,2,289
20260222,26,5,11,1,264
20260222,27,2,1,2,300
20260222,27,3,1,1,145
20260222,27,3,11,1,160
20260222,27,5,1,1,300
20260222,28,3,11,1,155
20260222,28,4,1,2,300
20260222,28,4,11,3,462
20260222,28,5,1,1,291
20260222,28,5,11,1,254
20260222,29,2,11,1,166
20260222,29,3,11,1,159
20260222,29,4,1,2,296
20260222,29,5,1,1,295
20260222,29,5,11,1,278
20260222,30,2,10,1,162
20260222,30,3,1,1,134
20260222,30,5,1,1,232
20260222,31,2,1,1,162
20260222,31,3,1,1,148
20260222,31,4,1,2,299
20260222,32,2,10,1,146
20260222,32,3,1,1,143
20260222,32,5,1,2,563
20260222,33,2,1,2,311
20260222,33,3,1,1,154
20260222,33,4,1,1,141
20260222,37,3,10,1,146
20260222,37,5,0,1,280
20260222,38,5,12,2,498
20260222,39,2,12,1,148
20260222,39,4,12,4,611
20260222,39,5,12,1,258
20260222,40,4,12,3,474
20260222,40,5,12,1,247
20260222,41,2,12,2,316
20260222,42,2,2,2,320
20260222,42,2,12,1,169
20260222,42,3,2,1,148
20260222,42,3,12,2,315
20260222,42,4,2,3,431
20260222,42,4,12,3,419
20260222,42,5,2,1,245
20260222,42,5,12,1,288
20260222,43,2,2,1,165
20260222,43,2,12,4,588
20260222,43,3,2,2,268
20260222,43,4,2,1,138
20260222,43,4,12,1,138
20260222,43,5,12,1,288
20260222,44,2,2,1,147
20260222,44,3,2,1,135
20260222,44,4,2,3,460
20260222,44,5,2,1,256
20260222,45,3,2,2,303
20260222,45,4,2,1,155
20260222,45,5,2,1,278
20260222,46,2,2,1,146
20260222,46,3,2,1,148
20260222,46,4,2,2,305
20260222,46,4,10,1,134
20260222,47,2,2,1,164
20260222,47,2,10,1,144
20260222,47,4,2,3,463
20260222,47,5,2,2,550
20260222,49,2,10,1,162
20260222,49,5,10,1,258
20260222,50,3,13,1,157
20260222,50,4,13,3,464
20260222,50,5,13,1,278
20260222,51,2,13,1,145
20260222,51,3,13,1,130
20260222,51,5,13,1,292
20260222,52,2,13,5,740
20260222,52,3,13,1,149
20260222,52,4,13,2,303
20260222,53,2,13,1,154
20260222,54,2,3,1,137
20260222,54,2,13,3,444
20260222,54,3,3,1,136
20260222,54,4,3,1,164
20260222,54,4,13,1,138
20260222,54,5,3,1,239
20260222,55,2,3,1,159
20260222,55,2,13,1,153
20260222,55,3,3,1,158
20260222,55,4,3,2,315
20260222,55,4,13,2,275
20260222,56,2,3,1,167
20260222,56,3,3,1,127
20260222,56,4,3,1,139
20260222,57,2,3,3,459
20260222,57,4,3,1,147
20260222,57,5,3,1,295
20260222,58,3,3,2,282
20260222,58,4,3,1,168
20260222,58,5,3,2,526
20260222,59,2,3,1,137
20260222,59,3,3,1,150
20260222,59,4,3,1,150
20260222,59,5,3,2,526
20260222,61,4,0,1,157
20260222,62,4,0,2,320
20260222,62,4,10,1,142
20260222,64,2,14,1,150
20260222,64,4,14,2,322
20260222,65,3,14,2,290
20260222,65,4,0,1,161
20260222,65,4,14,1,152
20260222,65,5,14,1,287
20260222,66,2,14,3,460
20260222,66,3,0,1,153
20260222,66,5,0,1,270
20260222,66,5,14,1,277
20260222,67,2,14,1,167
20260222,67,4,14,2,312
20260222,68,2,4,1,136
20260222,68,2,14,1,166
20260222,68,3,4,1,131
20260222,68,3,14,1,148
20260222,68,4,14,2,311
20260222,68,5,4,1,232
20260222,68,5,14,1,281
20260222,69,2,4,1,145
20260222,69,2,14,1,159
20260222,69,3,4,4,572
20260222,69,4,4,2,302
20260222,69,4,14,2,308
20260222,69,5,4,1,270
20260222,69,5,14,1,255
20260222,70,2,4,4,599
20260222,70,3,4,1,131
20260222,70,4,4,1,167
20260222,71,3,4,1,132
20260222,71,4,4,1,155
20260222,71,4,14,1,154
20260222,71,5,4,1,243
20260222,72,2,4,2,304
20260222,72,3,4,2,305
20260222,72,4,4,3,432
20260222,72,5,4,1,235
20260222,73,3,4,1,139
20260222,73,5,4,2,503
20260222,74,2,4,1,154
20260222,74,3,4,2,308
20260222,75,2,4,3,465
20260222,75,3,4,2,292
20260222,75,4,4,1,165
20260222,75,4,10,1,154
20260222,75,5,4,1,250
20260222,77,2,10,1,145
20260222,78,2,15,2,273
20260222,78,3,15,1,146
20260222,78,4,15,5,732
20260222,78,5,15,1,253
20260222,79,2,15,2,286
20260222,79,3,15,3,423
20260222,79,4,15,2,312
20260222,80,2,15,1,147
20260222,80,3,15,2,308
20260222,80,4,15,2,296
20260222,81,2,15,1,167
20260222,81,3,0,1,148
20260222,81,3,15,2,287
20260222,81,4,15,2,288
20260222,81,5,15,1,241
20260222,82,2,5,1,136
20260222,82,3,5,1,142
20260222,82,3,15,1,145
20260222,82,4,5,2,277
20260222,82,4,15,2,331
20260222,82,5,5,1,249
20260222,82,5,15,1,267
20260222,83,2,5,2,286
20260222,83,2,15,1,163
20260222,83,3,15,1,158
20260222,83,4,5,1,155
20260222,83,5,5,1,291
20260222,83,5,15,1,273
20260222,84,2,5,1,142
20260222,84,3,5,1,145
20260222,84,4,5,1,143
20260222,84,5,5,1,299
20260222,85,3,5,2,289
20260222,85,4,5,2,305
20260222,86,2,5,2,294
20260222,86,4,5,2,312
20260222,87,2,5,1,157
20260222,87,4,5,1,168
20260222,87,5,5,1,297
20260222,88,3,0,1,139
20260222,90,2,10,1,156
20260222,91,4,0,1,137
